Country Name,2011 Internet %,2012 Internet %,2013 Internet %,2014 Internet %,2015 Internet %,2016 Internet %,2017 Internet %,2018 Internet %,2019 Internet %,2020 Internet %,IncomeGroup,2011 population,2012 population,2013 population,2014 population,2015 population,2016 population,2017 population,2018 population,2019 population,2020 population,2011 GDP,2012 GDP,2013 GDP,2014 GDP,2015 GDP,2016 GDP,2017 GDP,2018 GDP,2019 GDP,2020 GDP
Afghanistan,5,5.454545455,5.9,7,8.26,..,..,..,..,..,Low income,30117411.0,31161378.0,32269592.0,33370804.0,34413603.0,35383028.0,36296111.0,37171922.0,38041757.0,38928341.0,0.426354785,12.75228709,5.600744658,2.724543364,1.45131466,2.260314201,2.647003202,1.189228128,3.911603419,-2.351100673
Albania,47,49.4,51.8,54.3,56.9,59.6,62.4,65.4,68.55039112,72.23767711,Upper middle income,2905195.0,2900401.0,2895092.0,2889104.0,2880703.0,2876101.0,2873457.0,2866376.0,2854191.0,2837743.0,2.545406145,1.4172428,1.00201754,1.774448855,2.218726372,3.314980684,3.8022274,4.019359686,2.113419982,-3.955397927
Algeria,14.9,18.2,22.5,29.5,38.2,42.94552688,47.69105515,49.03846808,57.5,..,Lower middle income,36661438.0,37383899.0,38140135.0,38923688.0,39728020.0,40551398.0,41389174.0,42228415.0,43053054.0,43851043.0,2.9,3.4,2.8,3.8,3.7,3.2,1.3,1.1,1.0,-5.1
American Samoa,..,..,..,..,..,..,..,..,..,..,Upper middle income,55755.0,55669.0,55717.0,55791.0,55806.0,55739.0,55617.0,55461.0,55312.0,55197.0,0.0,-4.334828102,-2.5,1.762820513,3.149606299,-1.679389313,-6.98757764,2.671118531,-0.487804878,3.921568627
Andorra,81,..,..,..,..,..,91.56746703,..,..,..,High income,83748.0,82427.0,80770.0,79213.0,77993.0,77295.0,76997.0,77008.0,77146.0,77265.0,-0.008069753,-4.974443719,-3.547596515,2.504465521,1.434140395,3.70967807,0.34607189,1.58876549,2.015547638,-11.95269325
Angola,3.1,6.5,8.9,21.4,29,29,32,35,36,..,Lower middle income,24220660.0,25107925.0,26015786.0,26941773.0,27884380.0,28842482.0,29816769.0,30809787.0,31825299.0,32866268.0,3.471976345,8.542187643,4.954544646,4.822627568,0.943571561,-2.580049644,-0.147212941,-2.003629727,-0.624644318,-5.39998739
Antigua and Barbuda,52,58,63.4,67.78,70,73,..,..,..,..,High income,89250.0,90407.0,91510.0,92562.0,93571.0,94520.0,95425.0,96282.0,97115.0,97928.0,-1.958612628,3.3728662,-0.600876397,3.795727613,3.825293099,5.496459204,3.14432324,6.883640817,4.862236166,-20.19237057
Argentina,51,55.8,59.9,64.7,68.04306411,70.96898082,74.29490687,..,..,..,Upper middle income,41261490.0,41733271.0,42202935.0,42669500.0,43131966.0,43590368.0,44044811.0,44494502.0,44938712.0,45376763.0,6.003951693,-1.026420454,2.405323781,-2.512615321,2.731159828,-2.080327844,2.818502978,-2.617396463,-2.025934237,-9.895268964
Armenia,32,37.5,41.9,54.62280586,59.10083377,64.34602977,64.74488433,68.24505226,66.54394969,..,Upper middle income,2876536.0,2884239.0,2897593.0,2912403.0,2925559.0,2936147.0,2944789.0,2951741.0,2957728.0,2963234.0,4.699999999,7.200000001,3.3,3.600000001,3.199999999,0.2,7.500000002,5.2,7.599999999,-7.4
Aruba,69,74,78.9,83.78,88.66122693,93.54245387,97.17,..,..,..,High income,102050.0,102565.0,103165.0,103776.0,104339.0,104865.0,105361.0,105846.0,106310.0,106766.0,3.44605475,-1.369863014,4.198232323,0.3,5.700000876,2.099999586,1.999999104,,,
Australia,79.48769771,79,83.45349717,84,84.56051491,86.54,86.54504885,..,..,..,High income,22340024.0,22733465.0,23128129.0,23475686.0,23815995.0,24190907.0,24601860.0,24982688.0,25365745.0,25687041.0,2.469746294,3.917362463,2.600211881,2.562931521,2.172204753,2.741643069,2.295926947,2.87097248,2.113149425,-0.003836559
Austria,78.7399931,80.02999392,80.6188,80.99582496,83.94014193,84.32374257,87.93558659,87.47913723,87.75220479,87.52942813,High income,8391643.0,8429991.0,8479823.0,8546356.0,8642699.0,8736668.0,8797566.0,8840521.0,8879920.0,8917205.0,2.922797284,0.680445577,0.025504712,0.661272849,1.014501586,1.989437162,2.258572433,2.501595119,1.49121085,-6.734514076
Azerbaijan,50,54.2,73.00000137,75.00001564,77,78.2,79,79.79999549,81.09999907,..,Upper middle income,9173082.0,9295784.0,9416801.0,9535079.0,9649341.0,9757812.0,9854033.0,9939771.0,10024283.0,10093121.0,0.1,2.16523943,5.809800945,2.75050703,1.093975846,-3.1,0.2,1.5,2.5,-4.3
"Bahamas, The",65,71.74820281,72,76.92,78,80,85,..,..,..,High income,359583.0,363581.0,367162.0,370625.0,374200.0,377923.0,381749.0,385635.0,389486.0,393248.0,0.613384158,3.086879177,-3.583874663,2.288147318,1.589736702,0.091146924,1.625011976,2.76704081,0.702459097,-14.5144814
Bahrain,76.9999665,88,90.0000397,90.50313348,93.4783008,97.9999807,95.87813575,98.64467258,99.70149256,99.53951246,High income,1278153.0,1299942.0,1315029.0,1336073.0,1371853.0,1425793.0,1494077.0,1569440.0,1641164.0,1701583.0,1.983515012,3.72810843,5.41683981,4.350390853,2.485378558,3.558128119,4.290949778,2.136701347,2.141376784,-5.085180213
Bangladesh,4.5,5,6.63,7.4,8.3,9.2,10.3,11.5,12.9,..,Lower middle income,149273134.0,151005733.0,152761413.0,154517385.0,156256287.0,157977151.0,159685421.0,161376713.0,163046173.0,164689383.0,6.464379123,6.521458781,6.013605658,6.061059359,6.552639879,7.113478213,7.284174423,7.86375358,8.152684149,3.509135882
Barbados,66.5,71.2,71.8,75.16,76.11,79.54939789,81.76077839,..,..,..,High income,282987.0,283698.0,284294.0,284825.0,285327.0,285798.0,286229.0,286640.0,287021.0,287371.0,-0.673289183,-0.455606178,-1.406563965,-0.124547101,2.448701961,2.478698683,0.475110679,-0.580333154,-0.096135553,-18.9795097
Belarus,39.64889566,46.91,54.17,59.02,62.23036091,71.11304576,74.43644541,79.12988669,82.78915209,85.08791245,Upper middle income,9461643.0,9446836.0,9443211.0,9448515.0,9461076.0,9469379.0,9458989.0,9438785.0,9419758.0,9379952.0,5.37870745,1.687135536,1.003470841,1.726384854,-3.829570558,-2.526446436,2.5321835,3.149197594,1.4,-0.9
Belgium,81.609996,80.71999055,82.1702,85,85.05294175,86.51647666,87.67968082,88.647343,90.27542981,91.52423735,High income,11038264.0,11106932.0,11159407.0,11209057.0,11274196.0,11331422.0,11375158.0,11427054.0,11488980.0,11555997.0,1.694513899,0.739217283,0.459242193,1.578533143,2.041459009,1.266686409,1.619580278,1.819203664,2.149559681,-5.65965987
Belize,30.7,31,33.6,38.7,41.59,44.57574032,47.0826258,..,..,..,Lower middle income,330236.0,338001.0,345707.0,353366.0,360926.0,368399.0,375775.0,383071.0,390351.0,397621.0,1.918252014,2.421763142,1.294084755,4.037695674,2.637862422,-0.033233632,1.813682033,2.906069731,1.762797913,-14.01053215
Benin,4.148323066,4.5,4.9,6,11.25498791,11.99,13.3,26,29,..,Lower middle income,9460829.0,9729254.0,10004594.0,10286839.0,10575962.0,10872072.0,11175192.0,11485035.0,11801151.0,12123198.0,2.963752919,4.811223316,7.191433721,6.357679098,1.77815106,3.339673426,5.671555469,6.697259461,6.865687336,3.8487924
Bermuda,88.336,91.29930452,95.3,96.8,98.32360965,98,98.37,..,..,..,High income,64564.0,64798.0,65001.0,65138.0,65237.0,64554.0,63873.0,63919.0,63913.0,63903.0,-3.742744317,-5.305299107,-0.279708545,-3.701067594,0.7755297,-0.657206304,3.611419837,-0.4328013,0.459889943,-6.344080246
Bhutan,14.4,15.6,22.4,30.3,39.8,41.77264453,..,..,..,..,Lower middle income,693297.0,701582.0,710235.0,719053.0,727885.0,736706.0,745563.0,754396.0,763094.0,771612.0,7.982617041,5.118400858,2.119972633,5.77649568,6.642232105,8.127033538,4.651834675,3.055129837,5.755169995,-10.07634112
Bolivia,30,35.34,36.99,34.6,37.49,39.6975146,43.83227607,44.2861422,47.47481911,55.13905053,Lower middle income,10212951.0,10377677.0,10542375.0,10706517.0,10869732.0,11031822.0,11192853.0,11353140.0,11513102.0,11673029.0,5.204092308,5.122275767,6.796011241,5.460569676,4.857187232,4.263920838,4.195206301,4.223623511,2.216705778,-8.82949362
Bosnia and Herzegovina,43.88768653,45.06450043,48.52131417,49.91773243,52.6,60.25653543,64.89202051,70.12013504,69.94634763,73.21175294,Upper middle income,3661173.0,3604972.0,3542598.0,3482106.0,3429362.0,3386263.0,3351534.0,3323929.0,3300998.0,3280815.0,0.959511247,-0.821836474,2.349856663,1.153851092,3.089164152,3.149806916,3.171434875,3.740071092,2.831002603,-3.196950134
Botswana,9,16,30,36.74474744,37.31205037,39.36299738,41.41379464,58,61,..,Upper middle income,2015406.0,2039551.0,2062551.0,2088619.0,2120716.0,2159925.0,2205076.0,2254067.0,2303703.0,2351625.0,6.048361455,4.456144471,11.34339697,4.149262255,-5.717682557,7.036896951,4.00344974,3.98039539,2.992737635,-8.492893511
Brazil,45.69,48.56,51.04,54.55100188,58.32795173,60.87254007,67.47128452,70.43428254,73.91244005,..,Upper middle income,197514541.0,199287292.0,201035904.0,202763744.0,204471759.0,206163056.0,207833825.0,209469320.0,211049519.0,212559409.0,3.974423079,1.921175985,3.00482267,0.50395574,-3.545763393,-3.275916906,1.322869054,1.783666761,1.411152985,-4.059048273
British Virgin Islands,37.4,37.6,..,..,..,77.70142968,77.70426829,..,..,..,High income,28326.0,28654.0,28850.0,28985.0,29148.0,29355.0,29567.0,29795.0,30033.0,30237.0,,,,,,,,,,
Brunei Darussalam,56,60.27306504,64.5,68.77,71.2,90,94.86669164,95,95,..,High income,393687.0,398997.0,404414.0,409778.0,414914.0,419791.0,424481.0,428960.0,433296.0,437483.0,3.745318352,0.912841671,-2.126028517,-2.508352566,-0.39238375,-2.477917718,1.328602552,0.052237791,3.869109865,1.133573351
Bulgaria,47.97999305,51.89998767,53.0615,55.49,56.65625161,59.82554766,63.41010138,64.78201069,67.94698094,70.16248359,Upper middle income,7348328.0,7305888.0,7265115.0,7223938.0,7177991.0,7127822.0,7075947.0,7025037.0,6975761.0,6934015.0,2.10120575,0.754930386,-0.560493966,0.966869032,3.428054914,3.039825276,2.76217096,2.684576131,4.037592082,-4.387149834
Burkina Faso,3,3.725034916,5,6,7,9,12,14,18,..,Low income,16081915.0,16571252.0,17072791.0,17586029.0,18110616.0,18646350.0,19193236.0,19751466.0,20321383.0,20903278.0,6.622562613,6.45267238,5.792584845,4.326845615,3.921228794,5.957976708,6.203489411,6.604569068,5.688115149,1.93032489
Burundi,1.11,1.219999945,1.264218111,1.4,2.1,2.4,2.660748535,5,5.2,..,Low income,8958406.0,9245992.0,9540302.0,9844301.0,10160034.0,10488002.0,10827010.0,11175379.0,11530577.0,11890781.0,4.032602496,4.446708222,4.924195261,4.240651644,-3.900003086,-0.600020001,0.500009999,1.609933082,1.842476677,0.297577119
Cabo Verde,32,34.74,37.5,40.26,42.68301416,50.32281787,57.16214635,59.5,61.94339776,..,Lower middle income,498858.0,505241.0,511740.0,518276.0,524740.0,531140.0,537499.0,543764.0,549936.0,555988.0,3.968886345,1.081918279,0.802797601,0.611212666,1.006863707,4.705791509,3.702039188,4.531161684,5.66775246,-14.78340501
Cambodia,3.1,4.94,6,14,18,32.39845171,32.90027854,65.00000218,78.27288351,78.80000044,Lower middle income,14541421.0,14780454.0,15026330.0,15274506.0,15521435.0,15766290.0,16009413.0,16249795.0,16486542.0,16718971.0,7.069569946,7.313345505,7.356665149,7.142571101,6.965797815,6.933313973,6.996903699,7.469169207,7.054106932,-3.147589098
Cameroon,5,7.5,10,16.21487223,18.3,20.6,23.20297197,29.7,33.5,..,Lower middle income,20906392.0,21485267.0,22077300.0,22681853.0,23298376.0,23926549.0,24566070.0,25216261.0,25876387.0,26545864.0,3.379211288,4.625978719,4.995529159,5.719818144,5.666952991,4.535794236,3.541176549,3.95551424,3.475059979,0.491914742
Canada,83,83,85.8,87.12,90,91.16,92.70137191,94.64,96.5,..,High income,34339328.0,34714222.0,35082954.0,35437435.0,35702908.0,36109487.0,36545295.0,37065178.0,37593384.0,38005238.0,3.146881372,1.762222549,2.329122506,2.870036075,0.659176864,1.001394414,3.039880225,2.777040554,1.879592028,-5.233024303
Cayman Islands,69.46594499,69.7,71.4,74.1,77,79,81.06769325,..,..,..,High income,57877.0,58963.0,59933.0,60848.0,61721.0,62564.0,63382.0,64172.0,64948.0,65720.0,1.169062198,1.229753657,1.27933102,2.654527985,2.833122226,3.239976888,3.184043376,4.19434091,3.817100404,-6.730287428
Central African Republic,2.2,3,3.4,3.6,3.8,4,..,..,..,..,Low income,4418639.0,4436411.0,4447945.0,4464171.0,4493171.0,4537683.0,4596023.0,4666375.0,4745179.0,4829764.0,4.194615337,5.053761254,-36.3919771,0.081070515,4.33712103,4.750316841,4.527278213,3.789443593,3.0,0.829010003
Chad,1.9,2.1,2.5,2.9,3.5,5,6.49999812,8,9.8,10.4,Low income,12360986.0,12784748.0,13220433.0,13663562.0,14110971.0,14561658.0,15016761.0,15477727.0,15946882.0,16425859.0,0.082869798,8.882576072,5.700001363,6.899985045,2.767675685,-6.255527085,-2.988695986,2.3740378,3.247181917,-0.947304885
Channel Islands,..,..,..,..,..,..,..,..,..,..,High income,160990.0,162051.0,163039.0,164107.0,165387.0,166922.0,168666.0,170496.0,172264.0,173859.0,,,,,,,,,,
Chile,52.24960729,55.05,58,61.11,76.62959195,83.55858602,82.32748693,..,..,..,High income,17233584.0,17400359.0,17571511.0,17758969.0,17969356.0,18209072.0,18470435.0,18729166.0,18952035.0,19116209.0,6.110918829,5.318628,4.045004298,1.766739784,2.303767036,1.711089289,1.184544707,3.713859177,0.942005307,-5.771501669
China,38.3,42.30011749,45.8,47.9,50.3,53.2,54.3,59.2,64.56912253,70.64214286,Upper middle income,1345035000.0,1354190000.0,1363240000.0,1371860000.0,1379860000.0,1387790000.0,1396215000.0,1402760000.0,1407745000.0,1410929362.0,9.550832179,7.863736449,7.766150098,7.425763656,7.041328879,6.848762205,6.947200793,6.749773832,5.949714233,2.347513573
Colombia,40.35091575,48.98,51.7,52.57,55.90497251,58.13649357,62.25988032,64.12637682,65.00690072,..,Upper middle income,45662747.0,46075721.0,46495492.0,46967706.0,47520667.0,48175048.0,48909844.0,49661056.0,50339443.0,50882884.0,6.947891982,3.912635767,5.13399352,4.499030001,2.955901375,2.087382502,1.359360868,2.564324283,3.281116805,-6.795758107
Comoros,5.5,5.975296308,6.5,6.98,7.459161386,7.938322771,8.478170295,..,..,..,Lower middle income,706578.0,723865.0,741511.0,759390.0,777435.0,795597.0,813890.0,832322.0,850891.0,869595.0,4.099846955,3.200272903,4.499874215,2.100006438,1.116140583,3.320680025,3.815702113,3.642525019,1.75532828,-0.128835488
"Congo, Dem. Rep.",1.2,1.679961015,2.2,3,3.799999507,6.20997406,8.619904916,11.7,12.5,..,Low income,66755151.0,69020749.0,71358804.0,73767445.0,76244532.0,78789130.0,81398765.0,84068092.0,86790568.0,89561404.0,6.87467089,7.086898947,8.481956636,9.470288097,6.91616712,2.399398914,3.726947653,5.8211211,4.384528881,1.735422764
"Congo, Rep.",5.6,6.106695024,6.6,7.11,7.615974662,8.121949323,8.65,..,..,..,Lower middle income,4394842.0,4510197.0,4622757.0,4736965.0,4856093.0,4980996.0,5110701.0,5244363.0,5380504.0,5518092.0,2.205919363,9.947153141,-0.712434451,6.716679333,-3.550581765,-10.78323827,-4.382530947,-4.805351557,-0.086885957,-7.944445679
Costa Rica,39.212196,47.5,45.96,53,59.76295014,65.88044919,71.58166462,73.47972844,81.20259644,80.53018608,Upper middle income,4633086.0,4688003.0,4742111.0,4795390.0,4847805.0,4899336.0,4949955.0,4999443.0,5047561.0,5094114.0,4.40315924,4.882592369,2.494766108,3.542109878,3.652080968,4.204323252,4.157698963,2.615904404,2.256315079,-4.063676535
Cote d'Ivoire,2.9,5,12,19.2742298,38.44000017,41.20781493,43.83992085,37.54653613,36.28895457,..,,21028652.0,21547188.0,22087506.0,22647672.0,23226148.0,23822726.0,24437475.0,25069226.0,25716554.0,26378275.0,-5.370447241,7.620411763,10.76021313,9.371999942,7.194090645,7.179207824,7.359638088,6.89028432,6.231709513,1.958332479
Croatia,57.78997899,61.93997315,66.7476,68.57,69.84503592,72.69726967,67.09619204,75.29462599,79.07978368,78.32093274,High income,4280622.0,4267558.0,4255689.0,4238389.0,4203604.0,4174349.0,4124531.0,4087843.0,4065253.0,4047200.0,-0.085243549,-2.275706646,-0.363117372,-0.345947048,2.52568842,3.532432232,3.41409226,2.900009599,3.481945603,-8.099761252
Cuba,16.0172908,21.2,27.93,29.07018437,37.30509742,42.97867519,57.14840432,62.67892362,67.97080866,..,Upper middle income,11236671.0,11257112.0,11282722.0,11306909.0,11324777.0,11335108.0,11339255.0,11338146.0,11333484.0,11326616.0,2.802300836,3.014900289,2.747602563,1.047576632,4.438141959,0.513761468,1.809054399,2.248480393,-0.164839982,-10.94834097
Curacao,..,..,..,..,..,61.85551074,68.12721625,..,..,..,,150831.0,152088.0,153822.0,155909.0,157980.0,159664.0,160175.0,159336.0,157441.0,155014.0,0.612608577,-0.138917069,-0.794106769,-1.138838621,0.278694931,-0.986569701,-1.73976542,-2.166131078,-3.399999927,-18.4
Cyprus,56.85989235,60.6898684,65.4548,69.33,71.71574092,75.9002054,80.74318897,84.43358252,86.06362996,90.80209879,High income,1124837.0,1135046.0,1143866.0,1152297.0,1160987.0,1170189.0,1179685.0,1189262.0,1198574.0,1207361.0,0.401437941,-3.446822086,-6.553078255,-1.829309109,3.383079712,6.454554466,5.852540355,5.692841724,5.283187396,-5.2289881
Czech Republic,70.49,73.43000782,74.1104,74.23171164,75.6688387,76.4811987,78.71917285,80.68816754,80.86694441,81.33889705,High income,10496088.0,10510785.0,10514272.0,10525347.0,10546059.0,10566332.0,10594438.0,10629928.0,10671870.0,10698896.0,1.760359624,-0.785004299,-0.045903674,2.262102897,5.388380838,2.53728452,5.168724304,3.198656101,3.029478257,-5.797813877
Denmark,89.81001339,92.26001172,94.6297,95.99,96.33050162,96.96778525,97.09936216,97.31920437,98.04643475,96.54914573,High income,5570572.0,5591572.0,5614932.0,5643475.0,5683483.0,5728010.0,5764980.0,5793636.0,5814422.0,5831404.0,1.336777767,0.226499792,0.933340972,1.619393811,2.342591108,3.245956985,2.821736341,1.989537315,2.114664208,-2.062124959
Djibouti,7,9.4,12.7,17,22.9,30.8,55.68140925,58,59,..,Lower middle income,853671.0,868136.0,883296.0,898707.0,913998.0,929117.0,944100.0,958923.0,973557.0,988002.0,,,,7.061543242,7.696085576,6.652650372,5.403099843,8.407662666,7.770497257,0.5
Dominica,48.6,49.8,51,57.5,65,67.03,69.61966879,..,..,..,Upper middle income,70912.0,70954.0,71019.0,71091.0,71175.0,71307.0,71460.0,71626.0,71808.0,71991.0,-0.223550688,-1.059000243,-0.999940631,4.447947365,-2.691108924,2.556494913,-6.79942797,2.214305241,7.571391597,-16.60491154
Dominican Republic,38,42.32,45.9,49.58,54.21576634,63.87086474,67.57124533,74.82204836,75.8,..,Upper middle income,9813219.0,9930916.0,10048226.0,10165182.0,10281675.0,10397738.0,10513111.0,10627147.0,10738957.0,10847904.0,3.133423003,2.717367897,4.875205093,7.05046369,6.927018772,6.659200263,4.666704677,6.982527585,5.05216802,-6.720239373
Ecuador,31.36680836,35.13514645,40.27912194,45.59039067,48.94043379,54.06292473,..,..,..,..,Upper middle income,15243885.0,15474099.0,15707473.0,15951832.0,16212022.0,16491116.0,16785356.0,17084359.0,17373657.0,17643060.0,7.868140919,5.641962067,4.946511267,3.788868549,0.098872608,-1.226383985,2.368386526,1.289291933,0.012105103,-7.750123377
"Egypt, Arab Rep.",25.6,26.4,29.4,33.89460391,37.81938343,41.24806709,44.95020425,46.92433677,57.2828664,71.9142004,Lower middle income,84529251.0,86422240.0,88404652.0,90424668.0,92442549.0,94447071.0,96442590.0,98423602.0,100388076.0,102334403.0,1.764571949,2.226199797,2.185466055,2.915911879,4.372019079,4.346643453,4.181221001,5.314121037,5.557683888,3.569669475
El Salvador,18.9,20.32138772,23.1093,24.76171215,26.80260496,28.99707305,33.8207289,43.8,50.49119319,..,Lower middle income,6210567.0,6237922.0,6266076.0,6295124.0,6325121.0,6356137.0,6388124.0,6420740.0,6453550.0,6486201.0,3.817056396,2.815501822,2.232142857,1.710709945,2.398973133,2.545926086,2.246670039,2.432287587,2.382581398,-8.581312158
Equatorial Guinea,11.5,13.94318219,16.4,18.86,..,..,..,..,..,..,Upper middle income,986861.0,1031191.0,1076412.0,1122273.0,1168575.0,1215181.0,1262008.0,1308966.0,1355982.0,1402985.0,6.52392363,8.312871844,-4.133198501,0.415066302,-9.110041149,-8.816417232,-5.667502957,-6.236550982,-5.978936905,-4.893356474
Eritrea,0.7,0.8,0.9,0.99,1.083733116,1.17711872,1.30890698,..,..,..,Low income,3213969.0,3250104.0,3281453.0,3311444.0,3342818.0,3376558.0,3412894.0,3452797.0,3497117.0,3546427.0,8.679800101,,,,,,,,,
Estonia,76.5,78.38992593,80.0043,84.24152803,88.4097035,87.24023275,88.10245687,89.35700777,90.2289282,89.05828666,High income,1327439.0,1322696.0,1317997.0,1314545.0,1315407.0,1315790.0,1317384.0,1321977.0,1326898.0,1331057.0,7.263084581,3.228200494,1.458428636,3.011366587,1.853020046,3.155564814,5.792044675,4.133819798,4.096342644,-2.951069313
Eswatini,18.13,20.78178258,24.7,25,25.64304231,..,..,..,..,..,Lower middle income,1072029.0,1079285.0,1086843.0,1095022.0,1104038.0,1113994.0,1124808.0,1136274.0,1148133.0,1160164.0,2.247229761,5.396630697,3.861213798,0.923230547,2.227480675,1.062610193,2.026578156,2.371610521,2.61303529,-1.85052471
Ethiopia,1.1,2.9,4.6,7.7,13.85517556,15.36692386,18.61805145,22,25,..,Low income,90139928.0,92726982.0,95385793.0,98094264.0,100835453.0,103603461.0,106399926.0,109224410.0,112078727.0,114963583.0,11.17829623,8.647811633,10.58227005,10.25749296,10.39246302,9.433482658,9.564189643,6.816147797,8.364085699,6.056617792
Faroe Islands,80.7321728,85.33518924,90,93.3,94.2,95.10868167,97.58195894,..,..,..,High income,47815.0,47843.0,47901.0,47965.0,48055.0,48173.0,48326.0,48497.0,48677.0,48865.0,,,,,,,,,,
Fiji,28,33.74235675,35.2,37.4,42.5,46.50697831,49.96637301,..,..,..,Upper middle income,863451.0,865065.0,865602.0,866447.0,868632.0,872406.0,877460.0,883490.0,889955.0,896444.0,2.705143029,1.411314382,4.73421949,5.603514887,4.501199392,2.445652008,5.353364937,3.81235097,-0.445563044,-15.71180398
Finland,88.70999491,89.87999797,91.5144,86.53039275,86.42213333,87.70364996,87.46892907,88.88996,89.60738511,92.17027106,High income,5388272.0,5413971.0,5438972.0,5461512.0,5479531.0,5495303.0,5508214.0,5515525.0,5521606.0,5530719.0,2.547664838,-1.397545728,-0.901696316,-0.364908157,0.543659212,2.811457767,3.19240963,1.141947509,1.220754143,-2.800135891
France,77.81999899,81.44,81.9198,83.75,78.00603771,79.26981132,80.50245972,82.04318678,83.33974409,..,High income,65342789.0,65659814.0,65998685.0,66312067.0,66548272.0,66724104.0,66918020.0,67101930.0,67248926.0,67391582.0,2.192700633,0.313134751,0.576326675,0.956183052,1.112912341,1.095464404,2.291419994,1.865066071,1.842971814,-7.855256037
French Polynesia,49,52.87663059,56.8,60.68,64.56020975,68.44041949,72.70389531,..,..,..,High income,267702.0,268995.0,270332.0,271713.0,273119.0,274576.0,276108.0,277673.0,279285.0,280904.0,,,,,,2.302198237,4.292633631,3.26774109,2.970024911,-7.599875554
Gabon,18,24,30.53803344,38.07120929,45.78453653,48.05227375,50.32012015,59.6,61,..,Upper middle income,1684629.0,1749677.0,1817070.0,1883801.0,1947690.0,2007882.0,2064812.0,2119275.0,2172578.0,2225728.0,7.091753343,5.251076918,5.638699003,4.314964441,3.878899395,2.091442208,0.472642031,0.837916581,3.920808795,-1.83776093
"Gambia, The",10.8703,12.44922872,14,15.56,19.7,25,32,40,51,..,Low income,1848142.0,1905020.0,1963708.0,2024037.0,2085860.0,2149134.0,2213900.0,2280092.0,2347696.0,2416664.0,-8.130444223,5.241569246,2.87276879,-1.407382495,4.058073804,1.943359655,4.822611249,7.234890333,6.15363195,-0.215576043
Georgia,31.52,36.94,43.3,44,47.56975964,58.45928961,59.7055046,62.7179082,68.84670565,72.53158414,Upper middle income,3756441.0,3728874.0,3717668.0,3719414.0,3725276.0,3727505.0,3728004.0,3726549.0,3720161.0,3714000.0,7.399999867,6.369008306,3.621305352,4.431924823,3.02220738,2.90643878,4.842603225,4.842919885,4.982350475,-6.760439817
Germany,81.26999954,82.34999847,84.17,86.19,87.58979935,84.16520664,84.3941537,87.03711209,88.13451691,89.81294133,High income,80274983.0,80425823.0,80645605.0,80982500.0,81686611.0,82348669.0,82657002.0,82905782.0,83092962.0,83240525.0,3.925192705,0.418497594,0.437591303,2.209543431,1.491931528,2.229999868,2.680231114,1.086024514,1.055508247,-4.569616717
Ghana,9,10.6,15,19,23,28,37.88415262,43,53,..,Lower middle income,25387713.0,25996454.0,26607641.0,27224480.0,27849203.0,28481947.0,29121464.0,29767108.0,30417858.0,31072945.0,14.04712358,9.292789406,7.312525017,2.856240163,2.120759338,3.37346575,8.128894881,6.200077681,6.507774794,0.414443458
Gibraltar,65,65.017,..,..,..,94.44447158,..,..,..,..,High income,33608.0,33653.0,33694.0,33726.0,33742.0,33738.0,33723.0,33715.0,33706.0,33691.0,,,,,,,,,,
Greece,51.64999517,55.06999344,59.8663,63.21,66.83495949,69.08791547,69.89297065,72.23837339,75.67120669,78.11584474,High income,11104899.0,11045011.0,10965211.0,10892413.0,10820883.0,10775971.0,10754679.0,10732882.0,10721582.0,10715549.0,-10.14931483,-7.086696786,-2.515997222,0.475695947,-0.19608763,-0.487173294,1.09214912,1.668428636,1.803595256,-9.019129085
Greenland,64,64.8960101,65.8,66.7,67.60044348,68.50087368,69.48246178,..,..,..,High income,56890.0,56810.0,56483.0,56295.0,56114.0,56186.0,56172.0,56023.0,56225.0,56367.0,-0.496519392,1.39419336,-1.298280693,4.742135673,-2.529318024,4.68195411,0.052728183,1.845848009,1.67877331,
Grenada,30,32,35,51.6,53.81,55.85640782,59.07173536,..,..,..,Upper middle income,106786.0,107452.0,108172.0,108900.0,109603.0,110263.0,110874.0,111449.0,112002.0,112519.0,0.764976824,-1.155143735,2.351418773,7.344076522,6.443143733,3.739651388,4.438675669,4.299405392,0.7355827,-13.70773068
Guam,57.7,61.53415931,65.4,69.27,73.13999995,77.00999989,80.50546556,..,..,..,High income,159690.0,159990.0,160415.0,161007.0,161851.0,162948.0,164281.0,165770.0,167295.0,168783.0,0.077654824,2.13385063,1.690408357,1.793051924,0.825688073,0.181983621,0.890099909,-0.720201656,2.538991658,-11.85001769
Guatemala,12.3,16,19.7,23.4,28.80594156,34.50932609,40.70304908,..,44.40104984,..,Upper middle income,14521515.0,14781942.0,15043981.0,15306316.0,15567419.0,15827690.0,16087418.0,16346950.0,16604026.0,16858333.0,4.163906883,2.974708568,3.694819199,4.443977583,4.092170816,2.677802555,3.079851491,3.322097997,3.866856575,-1.519328029
Guinea,2,3.1,4.5,6.4,8.2,9.8,11.40002077,21.83002304,23,..,Low income,10420459.0,10652032.0,10892821.0,11150970.0,11432096.0,11738434.0,12067516.0,12414292.0,12771246.0,13132792.0,5.612108175,5.915288884,3.945683805,3.696541843,3.825921667,10.82062144,10.30000049,6.358491927,5.646175568,6.988559971
Guinea-Bissau,2.672,2.893990621,3.1,3.32,..,17,18,22,28,..,Low income,1562996.0,1604981.0,1648259.0,1692433.0,1737207.0,1782434.0,1828146.0,1874304.0,1920917.0,1967998.0,8.084779734,-1.712683012,3.255904265,0.964560751,6.134082941,6.262805638,5.919176626,1.283736703,4.499999992,-2.399999999
Guyana,30,30.5,31,32,34,35.66,37.32583679,..,..,..,Upper middle income,752029.0,755388.0,759281.0,763371.0,767433.0,771363.0,775218.0,779007.0,782775.0,786559.0,5.339378131,5.383623469,3.653504768,1.686027732,0.68752121,3.807918837,3.734374061,4.441013589,5.352627426,43.47955594
Haiti,9,9.8,10.6,11.4,12.1977,12.23260161,31,32.47362713,32.5,..,Lower middle income,10100320.0,10250922.0,10400672.0,10549007.0,10695540.0,10839976.0,10982367.0,11123183.0,11263079.0,11402533.0,5.098213544,0.502424404,4.324784115,1.722565602,2.562508835,1.812468078,2.510271345,1.667810955,-1.684595081,-3.343372612
Honduras,15.9,18.12,17.8,19.08,27.1,29.5,32.13636364,..,..,..,Lower middle income,8480670.0,8640692.0,8798524.0,8955579.0,9112904.0,9270794.0,9429016.0,9587523.0,9746115.0,9904608.0,3.835690662,4.128687749,2.791559757,3.058080562,3.840079971,3.892972197,4.842913911,3.84499477,2.653066255,-8.964760184
"Hong Kong SAR, China",72.2,72.9,74.2,79.86627043,84.94835296,87.47941467,89.41594465,90.50739533,91.74340039,92.41313602,High income,7071600.0,7150100.0,7178900.0,7229500.0,7291300.0,7336600.0,7391700.0,7451000.0,7507400.0,7481800.0,4.814682268,1.700325218,3.101546766,2.762376595,2.387802316,2.169494388,3.791005986,2.846447939,-1.67975617,-6.081467784
Hungary,68.01998789,70.57999815,72.6439,75.65319745,72.83473703,79.25941213,76.75054712,76.07436064,80.37169361,84.77115202,High income,9971727.0,9920362.0,9893082.0,9866468.0,9843028.0,9814023.0,9787966.0,9775564.0,9771141.0,9749763.0,1.860155072,-1.257749507,1.806363928,4.223725539,3.703259936,2.191960369,4.268557419,5.359496489,4.554063072,-4.675686993
Iceland,94.8196868,96.20979955,96.5468,98.16,98.2,98.2400163,98.25520119,99.01095399,99,..,High income,319014.0,320716.0,323764.0,327386.0,330815.0,335439.0,343400.0,352721.0,360563.0,366425.0,1.845779156,1.063636607,4.55246032,1.687215018,4.436663719,6.303687107,4.194948829,4.892180731,2.434823,-6.50391225
India,10.07,11.1,12.3,13.5,14.9,16.5,18.2,20.08130004,41,..,Lower middle income,1250287939.0,1265780243.0,1280842119.0,1295600768.0,1310152392.0,1324517250.0,1338676779.0,1352642283.0,1366417756.0,1380004385.0,5.241315001,5.456388753,6.386106401,7.410227605,7.996253786,8.256305502,6.795383419,6.532989011,4.041554187,-7.251754782
Indonesia,12.28,14.52,14.94,17.14,22.0627426,25.4473537,32.33580625,39.90463864,47.69064898,53.72649449,Lower middle income,245115988.0,248451714.0,251805314.0,255128076.0,258383257.0,261556386.0,264650969.0,267670549.0,270625567.0,273523621.0,6.169784208,6.030050653,5.557263689,5.006668426,4.8763223,5.033069183,5.069785901,5.17429154,5.018159715,-2.069543499
"Iran, Islamic Rep.",19,22.73,29.95,39.35,45.33497615,53.22677167,64.04397362,70.200565,77.77083846,84.11087002,Lower middle income,74634959.0,75539881.0,76481963.0,77465769.0,78492208.0,79563991.0,80673888.0,81800204.0,82913893.0,83992953.0,2.645717918,-7.44455703,-0.194073471,4.60341888,-1.32064512,13.39624262,3.755196452,-6.025971803,-6.78422367,3.388261665
Iraq,5,7.1,9.2,13.21,16.8,36.7,49.35999889,..,..,..,Upper middle income,30725305.0,31890012.0,33157061.0,34411949.0,35572269.0,36610632.0,37552789.0,38433604.0,39309789.0,40222503.0,7.5464712,13.93643017,7.628571185,0.19701671,4.722864019,13.78737302,-1.819750351,2.633850991,5.957327503,-15.67309279
Ireland,74.88997297,76.91999254,78.2477,83.49172234,83.49479167,83.5,84.11400706,87.00014011,87.00005524,91.99989097,High income,4580084.0,4599533.0,4623816.0,4657740.0,4701957.0,4755335.0,4807388.0,4867316.0,4934340.0,4994724.0,1.068526654,-0.052354785,1.267014661,8.713697808,25.17624519,2.042232527,8.940012772,9.0301611,4.917006978,5.866975509
Isle of Man,..,..,..,..,..,..,..,..,..,..,High income,84889.0,84534.0,83985.0,83488.0,83232.0,83296.0,83610.0,84073.0,84589.0,85032.0,1.999999382,7.303757302,4.141718551,5.155303088,-0.385798408,6.952311475,4.688811187,2.213403992,0.25486132,
Israel,68.87387799,70.8,70.25031195,75.01775316,77.35208966,79.65312418,81.58118359,83.73315696,86.78787762,..,High income,7765800.0,7910500.0,8059500.0,8215700.0,8380100.0,8546000.0,8713300.0,8882800.0,9054000.0,9216900.0,5.542590001,2.822996205,4.777202349,4.124746861,2.279679419,4.462753818,4.377044428,3.983424594,3.77358981,-2.153428489
Italy,54.3899983,55.82999799,58.4593,55.63846022,58.14173496,61.32425277,63.077347,74.38718292,76.1,..,High income,59379449.0,59539717.0,60233948.0,60789140.0,60730582.0,60627498.0,60536709.0,60421760.0,59729081.0,59554023.0,0.707333347,-2.980905768,-1.841065451,-0.004547542,0.778304351,1.293462732,1.667859041,0.925810941,0.410278294,-8.9385925
Jamaica,37.43861341,33.79,37.1,40.4027351,42.22122119,44.36685637,55.07206705,68.21451709,..,..,Upper middle income,2825932.0,2842128.0,2858710.0,2875137.0,2891024.0,2906242.0,2920848.0,2934853.0,2948277.0,2961161.0,1.730376267,-0.61363604,0.517686013,0.689822357,0.921487125,1.375223064,0.997123062,1.889923681,0.892291654,-10.0
Japan,79.05411352,79.4964,88.21942891,89.10683302,91.05802839,93.18272128,91.72654724,91.28,92.73039781,..,High income,127833000.0,127629000.0,127445000.0,127276000.0,127141000.0,126994511.0,126785797.0,126529100.0,126264931.0,125836021.0,0.023809524,1.374750999,2.005100177,0.296205514,1.560626697,0.753826746,1.675331752,0.558851275,0.270304645,-4.585508281
Jordan,34.9,37,41.4,46.2,60.11438269,62.30219257,66.79031443,..,..,..,Upper middle income,7662858.0,8089963.0,8518992.0,8918822.0,9266573.0,9554286.0,9785840.0,9965322.0,10101697.0,10203140.0,2.737179886,2.429358001,2.609947375,3.384078099,2.496528793,1.994180849,2.087114551,1.934091701,1.955466358,-1.551384466
Kazakhstan,50.6,61.90662747,63.30422443,66,70.8299336,74.58772647,76.42674823,78.90391906,81.87762047,85.94259898,Upper middle income,16557202.0,16792090.0,17035551.0,17288285.0,17542806.0,17794055.0,18037776.0,18276452.0,18513673.0,18754440.0,7.400000001,4.8,5.999999999,4.200000001,1.2,1.1,4.1,4.1,4.5,-2.5
Kenya,8.8,10.5,13,16.5,16.58785485,16.6,17.82710021,19.5,22.56511937,..,Lower middle income,43178270.0,44343469.0,45519986.0,46700063.0,47878339.0,49051531.0,50221146.0,51392570.0,52573967.0,53771300.0,5.12110612,4.568679614,3.797848393,5.020111002,4.967721128,4.213517068,3.815506427,5.62910144,4.981132628,-0.316182729
Kiribati,10,10.74679768,11.5,12.25,12.99748389,13.7,14.58181818,..,..,..,Lower middle income,104735.0,106359.0,107887.0,109387.0,110927.0,112529.0,114153.0,115842.0,117608.0,119446.0,1.594321811,4.713645402,4.214851087,-0.697737743,10.40486376,5.137719245,0.889757537,3.775954286,3.926445438,-1.947556647
"Korea, Dem. People's Rep.",0,0,0,..,..,..,..,..,..,..,Low income,24673392.0,24800638.0,24929500.0,25057793.0,25183832.0,25307665.0,25429816.0,25549606.0,25666158.0,25778815.0,,,,,,,,,,
"Korea, Rep.",83.75912015,84.07,84.77,87.55682649,89.8962558,92.84302568,95.06942188,96.02285958,96.15757918,96.50506035,High income,49936638.0,50199853.0,50428893.0,50746659.0,51014947.0,51217803.0,51361911.0,51606633.0,51709098.0,51780579.0,3.685667782,2.402530992,3.164708636,3.202453795,2.809103268,2.946881715,3.15963574,2.907403774,2.24397786,-0.852031429
Kosovo,..,..,..,..,..,..,83.89359681,89.44303197,..,..,Upper middle income,1791000.0,1807106.0,1818117.0,1812771.0,1788196.0,1777557.0,1791003.0,1797085.0,1788878.0,1775378.0,6.319886223,1.712195174,5.340908175,3.348804311,5.916270444,5.571756507,4.825690427,3.406631008,4.756830619,-5.340275302
Kuwait,65.76907069,70.45,75.46,78.7,78,78.36738376,97.99998933,99.59884959,99.54267645,98.59999513,High income,3168054.0,3348852.0,3526382.0,3690939.0,3835588.0,3956862.0,4056102.0,4137314.0,4207077.0,4270563.0,9.628406975,6.6258183,1.149300437,0.500876982,0.593019617,2.925868226,-4.712106209,1.246129408,0.42746394,-8.685261653
Kyrgyz Republic,17.5,19.8,23,28.3,30.24704278,37,38.19903776,..,..,..,Lower middle income,5514600.0,5607200.0,5719600.0,5835500.0,5956900.0,6079500.0,6198200.0,6322800.0,6456200.0,6591600.0,5.956274309,-0.088150201,10.91546945,4.024038626,3.875825448,4.335855917,4.739937225,3.757910125,4.600625666,-8.616551031
Lao PDR,9,10.74767619,12.5,14.26,18.2,21.87,25.51043508,..,..,..,Lower middle income,6347564.0,6444527.0,6541302.0,6639763.0,6741160.0,6845848.0,6953031.0,7061498.0,7169456.0,7275556.0,8.038652681,8.026098434,8.026300226,7.611963441,7.270065843,7.022836255,6.892530873,6.247960008,5.457735092,0.50303183
Latvia,69.74995456,73.11994377,75.2344,75.83,79.20058292,79.84209778,80.114077,83.57717486,86.13545644,88.89796078,High income,2059709.0,2034319.0,2012647.0,1993782.0,1977527.0,1959537.0,1942248.0,1927174.0,1913822.0,1901548.0,2.564422968,7.037317185,2.010744815,1.900096243,3.885027277,2.367609543,3.31308889,3.989480387,2.484326355,-3.618565992
Lebanon,52,61.24978572,70.5,73,74,76.11,78.18077489,..,..,..,Upper middle income,5202022.0,5537620.0,5913016.0,6261046.0,6532681.0,6714281.0,6819373.0,6859408.0,6855709.0,6825442.0,0.867339877,2.540541789,3.811022415,2.453659572,0.581709757,1.582054551,0.782014001,-1.702174807,-7.15724707,-21.46426628
Lesotho,7,10,15,22,25,32.45385695,39,40.8,42.30173357,..,Lower middle income,2003793.0,2014988.0,2028528.0,2043448.0,2059011.0,2075041.0,2091532.0,2108327.0,2125267.0,2142252.0,4.614252238,6.334821701,1.792531445,1.710544004,3.127557724,3.588364597,-3.141949946,-1.223137311,-0.381431982,-9.614037019
Liberia,2.5,2.6,3.2,5.41,10,15.7,16.3,18.9,22,..,Low income,4017446.0,4135662.0,4248337.0,4359508.0,4472229.0,4586788.0,4702224.0,4818976.0,4937374.0,5057677.0,8.20076584,7.993815693,8.687287816,0.7013931,-0.01856497,-1.554958617,2.45515592,1.157575122,-2.467297635,-2.982916281
Libya,14,..,16.5,17.76,19.01607978,20.27215956,21.75892062,..,..,..,Upper middle income,6247438.0,6285751.0,6320350.0,6362039.0,6418315.0,6492160.0,6580723.0,6678565.0,6777453.0,6871287.0,-62.07591958,123.1395552,-13.59999997,-24.00000003,-8.862039363,-2.79546889,26.68090263,15.13279989,2.535953478,-31.30000005
Liechtenstein,85,89.4077,93.8,95.21,96.6411951,98.09390389,99.54661245,..,..,..,High income,36299.0,36615.0,36940.0,37219.0,37465.0,37655.0,37805.0,37918.0,38020.0,38137.0,,,,,,,,,,
Lithuania,63.6399774,67.22998933,68.4529,72.13,71.37805901,74.37664556,77.61525651,79.72258277,81.58186838,83.0555907,High income,3028115.0,2987773.0,2957689.0,2932367.0,2904910.0,2868231.0,2828403.0,2801543.0,2794137.0,2794700.0,6.03900816,3.843864749,3.550072843,3.537009879,2.024583955,2.518828273,4.282596951,3.993310328,4.573771737,-0.132431461
Luxembourg,90.02985856,91.94992374,93.7765,94.67,96.37671417,98.13669867,97.36296032,97.06129871,97.12063569,98.82242384,High income,518347.0,530946.0,543360.0,556319.0,569604.0,582014.0,596336.0,607950.0,620001.0,632275.0,1.044298695,1.64990203,3.171790499,2.623086016,2.269784484,4.978190437,1.317187663,2.00437712,3.283806756,-1.776240229
"Macao SAR, China",60.20369672,61.31,65.8,69.78,77.60013186,81.64298546,83.17408907,83.79408961,86.46792571,..,High income,550833.0,564037.0,577368.0,590210.0,602093.0,612824.0,622578.0,631633.0,640446.0,649342.0,21.61658789,9.242352874,10.75280699,-2.048310388,-21.51441131,-0.6789426,9.983192244,6.464613521,-2.511980044,-54.01140215
Madagascar,1.9,2.3,3,3.7,4.17397219,4.713662899,..,15,..,..,Low income,21743970.0,22346641.0,22961259.0,23589897.0,24234080.0,24894370.0,25570511.0,26262313.0,26969306.0,27691019.0,1.578427051,3.011148115,2.300376232,3.339203113,3.132298073,3.993146064,3.933307595,3.194356515,4.41123213,-7.140611591
Malawi,3.33,4.3506,5.05,5.83,7.6,8,13.78216439,13.9,15.5,..,Low income,14962118.0,15396010.0,15839287.0,16289550.0,16745305.0,17205253.0,17670193.0,18143215.0,18628749.0,19129955.0,4.854055111,1.885799507,5.199999997,5.700000004,2.8,2.484040625,4.000030517,4.391688296,5.448181336,0.799998331
Malaysia,61,65.8,57.05751226,63.66542588,71.06406781,78.78830993,80.14047901,81.20104862,84.18714501,89.55501192,Upper middle income,28650962.0,29068189.0,29468923.0,29866606.0,30270965.0,30684652.0,31104655.0,31528033.0,31949789.0,32365998.0,5.293912834,5.473454193,4.693722526,6.006721946,5.091532422,4.449781398,5.81272241,4.84305661,4.439471288,-5.646944836
Maldives,34,38.9301,44.1,49.28,54.46195515,59.09258997,63.18566588,..,..,..,Upper middle income,380493.0,397231.0,415592.0,435018.0,454914.0,475505.0,496398.0,515704.0,530957.0,540542.0,8.566733531,2.517383942,7.281073979,7.329626203,2.88454853,6.338300636,7.209910123,8.123128908,6.883688846,-33.4999021
Mali,2.2,2.8,3.5,7,10.33,11.11218649,15.6,23,26,..,Low income,15514593.0,15979492.0,16449854.0,16934213.0,17438772.0,17965448.0,18512429.0,19077755.0,19658023.0,20250834.0,3.21313378,-0.836734632,2.29506829,7.084683881,6.171800024,5.852299199,5.305456084,4.746484327,4.756160808,-1.235450447
Malta,68.01982379,68.19987429,68.9138,73.17,75.96001898,78.0751488,81.01191108,81.65804429,85.77856081,86.85876183,High income,416268.0,420028.0,425967.0,434558.0,445053.0,455356.0,467999.0,484630.0,504062.0,525285.0,0.467050856,4.117707299,5.473355695,7.633538112,9.608132811,4.090917429,8.119425289,5.179224796,5.539566337,-7.001129615
Marshall Islands,10,12.5,14,16.8,19.2824418,29.78777936,38.70116262,..,..,..,Upper middle income,56524.0,56712.0,56933.0,57183.0,57444.0,57723.0,58053.0,58412.0,58791.0,59194.0,-0.612309009,-2.295210414,4.017979699,-0.950334665,1.613921462,1.313258123,3.250554809,3.574750982,6.644663737,-2.207605402
Mauritania,4.5,5,6.2,10.7,15.19912669,18,20.80096366,..,..,..,Lower middle income,3598646.0,3706555.0,3817497.0,3930894.0,4046304.0,4163532.0,4282582.0,4403312.0,4525698.0,4649660.0,4.172783283,4.470013182,4.150813186,4.274823271,5.376339237,1.260909224,6.270545694,4.526746225,5.75993059,-1.763321794
Mauritius,34.95,35.42,40.11682514,44.80327537,50.13931848,52.19132594,55.4032403,58.5961697,61.72995515,64.88490358,Upper middle income,1252404.0,1255882.0,1258653.0,1260934.0,1262605.0,1263473.0,1264613.0,1265303.0,1265711.0,1265740.0,4.077538076,3.49611836,3.360406098,3.744575777,3.553071704,3.837932654,3.814152108,3.759677227,3.012375903,-14.89468757
Mexico,37.17629541,39.75,43.46,44.39,57.43104299,59.540446,63.85224909,65.77263448,70.06991047,71.97,Upper middle income,115695468.0,117274156.0,118827158.0,120355137.0,121858251.0,123333379.0,124777326.0,126190782.0,127575529.0,128932753.0,3.66300793,3.642322679,1.354091962,2.849773255,3.293151528,2.630532425,2.113129135,2.194994725,-0.176599456,-8.309034659
"Micronesia, Fed. Sts.",22.8,25.974423,27.8,29.65,31.50108128,33.35216255,35.30405287,..,..,..,Lower middle income,103448.0,104506.0,105922.0,107444.0,108886.0,110215.0,111461.0,112640.0,113811.0,115021.0,3.188574755,-1.866819755,-3.679767791,-2.305775745,4.621884004,0.900180417,2.682185944,0.2116536,1.174799228,-1.765415152
Moldova,38,43.37,60,67,69.00000447,70.99999911,76.12451989,..,..,..,Upper middle income,2859833.0,2859458.0,2858692.0,2856950.0,2834530.0,2802170.0,2755158.0,2708214.0,2664974.0,2620495.0,5.818166405,-0.589734126,9.043865482,4.999625669,-0.338235324,4.408886724,4.69079339,4.301477742,3.683404261,-6.969047157
Monaco,80.3,87,90.7,92.4,93.36330202,95.20817797,97.05297684,..,..,..,High income,36025.0,36459.0,36899.0,37320.0,37723.0,38070.0,38392.0,38682.0,38967.0,39244.0,7.0,1.012217961,9.574890743,7.189187012,4.863473211,3.451551047,-3.500961422,5.95627042,6.905665492,-11.75277338
Mongolia,12.49999111,16.4,17.69998424,19.94244743,22.50000413,22.2657705,23.71426517,47.13000188,51.07999408,62.50002848,Lower middle income,2770357.0,2824698.0,2881783.0,2940111.0,2998433.0,3056358.0,3113788.0,3170214.0,3225166.0,3278292.0,17.29077758,12.31981985,11.64891619,7.885225482,2.379835807,1.489784485,5.63687639,7.74488062,5.602244219,-4.557751973
Montenegro,35.61154125,56.83878255,60.31,61,68.11978601,69.88164684,71.27233254,71.51710049,73.47666575,81.36996541,Upper middle income,620079.0,620601.0,621207.0,621810.0,622159.0,622303.0,622373.0,622227.0,622028.0,621306.0,3.228451021,-2.723790771,3.548979912,1.783698581,3.390381397,2.949280321,4.716465276,5.077888811,4.062944992,-15.30689376
Morocco,46.1074826,55.41605319,56,56.8,57.07999935,58.27123642,61.76221201,64.80386519,74.37631447,84.12036305,Lower middle income,32781860.0,33241898.0,33715705.0,34192358.0,34663608.0,35126274.0,35581257.0,36029089.0,36471766.0,36910558.0,5.245697297,3.009961262,4.5354242,2.669493927,4.536378168,1.05985639,4.254603273,3.148502656,2.607935495,-6.29325316
Mozambique,4.6,5,5.5,6,6.5,7,7.8,10.4,15.1,..,Low income,24187500.0,24862673.0,25560752.0,26286192.0,27042001.0,27829930.0,28649007.0,29496009.0,30366043.0,31255435.0,7.417384316,7.258439253,6.963607135,7.398512797,6.72327878,3.824214319,3.741317593,3.44381384,2.31460601,-1.233905711
Myanmar,0.98,4,8,11.52,..,..,23.62108195,..,..,..,Lower middle income,50990612.0,51413703.0,51852464.0,52280816.0,52680724.0,53045199.0,53382521.0,53708318.0,54045422.0,54409794.0,7.520057227,6.485754004,7.898669478,8.19966375,3.277279417,10.50778078,5.7500645,6.404977325,6.750460146,3.1737744
Namibia,12,12.9414,13.9,14.84,25.68785182,31.03334594,36.83740647,40,40.5,..,Upper middle income,2156698.0,2194777.0,2233506.0,2273426.0,2314901.0,2358044.0,2402623.0,2448300.0,2494524.0,2540916.0,5.091338139,5.06168207,5.614719623,6.09251916,4.264174538,0.03379445,-1.027250827,1.059943471,-0.88809916,-8.500149038
Nauru,54,..,..,..,..,..,62.38512451,..,..,..,High income,10069.0,10136.0,10208.0,10289.0,10374.0,10474.0,10577.0,10678.0,10764.0,10834.0,10.0,11.36363636,30.6122449,26.5625,3.703703704,3.571428571,-5.747126437,6.097560976,0.0,1.149425287
Nepal,9,11.1493,13.3,15.44,17.58161801,19.68876384,21.40351043,..,..,..,Lower middle income,27041220.0,26989160.0,26916795.0,26905982.0,27015033.0,27263430.0,27632682.0,28095712.0,28608715.0,29136808.0,3.421828241,4.438493505,3.525153171,6.011482843,3.976053272,0.433113719,8.977279356,7.622376105,6.657055428,-2.088378695
Netherlands,91.41999576,92.85999236,93.9564,91.666666,91.72413793,90.4109589,93.19727891,91.89189189,93.2885906,91.33333333,High income,16693074.0,16754962.0,16804432.0,16865008.0,16939923.0,17030314.0,17131296.0,17231624.0,17344874.0,17441139.0,1.551189312,-1.030353991,-0.130175288,1.423395395,1.959169721,2.191713719,2.910902513,2.360915095,1.955588416,-3.798635993
New Caledonia,50,58,66,70,74.00175279,..,82.0058408,..,..,..,High income,254350.0,259000.0,263650.0,268050.0,268700.0,269350.0,270000.0,270650.0,271300.0,271960.0,,,,,,,,,,
New Zealand,81.23,81.64447018,82.78,85.5,88.22288882,88.47018635,90.81109307,..,..,..,High income,4384000.0,4408100.0,4442100.0,4516500.0,4609400.0,4714100.0,4813600.0,4900600.0,4979300.0,5084300.0,2.256736921,2.24064087,2.695783859,3.813831016,3.707375818,3.730079893,3.613281553,3.20574788,1.633932613,1.862851533
Nicaragua,10.6,13.5,15.5,17.6,19.7042915,24.57183396,27.86304001,..,..,..,Lower middle income,5903035.0,5982530.0,6062462.0,6142734.0,6223234.0,6303970.0,6384843.0,6465502.0,6545503.0,6624554.0,6.316709606,6.496026079,4.926825634,4.785847059,4.792086282,4.562954429,4.632533981,-3.363687646,-3.674794578,-1.977329393
Niger,0.9,1.05,1.15,1.248675689,2.476219975,4.32275803,10.22431156,..,..,..,Low income,17114770.0,17795209.0,18504287.0,19240182.0,20001663.0,20788789.0,21602388.0,22442831.0,23310719.0,24206636.0,2.357756936,10.54894458,5.315130636,6.642136654,4.392648832,5.740893151,5.001359945,7.210803008,5.941396863,3.580006403
Nigeria,13.8,16.1,19.1,21,24.5,25.67,28,31.9,33.6,..,Lower middle income,162805080.0,167228803.0,171765819.0,176404931.0,181137454.0,185960244.0,190873247.0,195874685.0,200963603.0,206139587.0,5.307924204,4.230061175,6.671335393,6.309718656,2.652693295,-1.61686895,0.80588662,1.922757342,2.208429277,-1.794253082
North Macedonia,56.7,57.44994731,65.24,68.06,70.38020308,72.15681447,74.51682418,79.16775519,81.41288276,81.40553811,Upper middle income,2058539.0,2061044.0,2064032.0,2067471.0,2070226.0,2072490.0,2074502.0,2076217.0,2076694.0,2072531.0,2.339886045,-0.456183224,2.925257665,3.629123513,3.85586514,2.848205194,1.081772738,2.88059671,3.910419538,-5.208444057
Northern Mariana Islands,..,..,..,..,..,..,..,..,..,..,High income,54013.0,54306.0,54786.0,55301.0,55779.0,56187.0,56553.0,56889.0,57213.0,57557.0,-7.384230288,0.810810811,2.680965147,4.177545692,3.383458647,29.21212121,23.17073171,-19.34501142,-11.14258735,
Norway,93.48998265,94.64997805,95.0534,96.3,96.81032569,97.29820367,96.3576013,96.49165799,98.00000439,97.00000121,High income,4953088.0,5018573.0,5079623.0,5137232.0,5188607.0,5234519.0,5276968.0,5311916.0,5347896.0,5379475.0,0.981434479,2.703109471,1.034072914,1.969544301,1.967128438,1.071558977,2.323290208,1.118828479,0.745798219,-0.717182669
Oman,48,60,66.45,70.22,73.53,76.84539047,80.18563573,85.5,90.3,95.23229327,High income,3251102.0,3498031.0,3764805.0,4027255.0,4267341.0,4479217.0,4665926.0,4829476.0,4974992.0,5106622.0,2.894609735,8.863122256,5.227704081,1.292252294,5.017057997,5.046423946,0.304057566,1.287103915,-1.129206457,-3.20093599
Pakistan,8,8.1,9,10,11,12.38544676,13.78,15.34,17.07090203,..,Lower middle income,183340168.0,187280125.0,191260799.0,195305012.0,199426953.0,203631356.0,207906210.0,212228288.0,216565317.0,220892331.0,2.748405917,3.50703342,4.396456633,4.674707981,4.731147475,5.526735845,5.554277437,5.836417498,1.144749605,-0.935389533
Palau,..,..,..,..,..,..,..,..,..,..,High income,17748.0,17635.0,17603.0,17625.0,17665.0,17718.0,17809.0,17911.0,18001.0,18092.0,6.683682862,1.672602595,-3.387316396,6.293847377,7.539069794,-0.08336373,-3.283788455,-0.107219442,-1.896243292,-9.737417943
Panama,42.7,40.30189522,44.03,44.92,51.20542499,54,59.9506309,61.80553132,63.62841477,..,Upper middle income,3706479.0,3770635.0,3835447.0,3901311.0,3968490.0,4037073.0,4106764.0,4176868.0,4246440.0,4314768.0,11.31362625,9.778827513,6.903436769,5.06661313,5.73269026,4.953434937,5.591328274,3.685344349,2.979715461,-17.944864
Papua New Guinea,2,3.5,5.1,6.5,7.9,9.601538462,11.20919659,..,..,..,Lower middle income,7472196.0,7631003.0,7788388.0,7946733.0,8107772.0,8271766.0,8438038.0,8606324.0,8776119.0,8947027.0,1.107543626,4.657119597,3.824946328,13.54377062,6.578356323,5.489573153,3.534610818,-0.279252285,4.480430608,-3.5
Paraguay,24.76351588,29.34,36.9,43,49.71630466,53.40412748,61.07575622,64.99354302,68.51762842,74.51524041,Upper middle income,6333981.0,6421510.0,6510273.0,6599524.0,6688746.0,6777878.0,6867058.0,6956069.0,7044639.0,7132530.0,4.286371207,-0.708043112,8.293076489,5.301238592,2.957151735,4.268025833,4.810078856,3.204250341,-0.401855101,-0.565695447
Peru,36.01,38.2,39.2,40.2,40.85260091,45.46174069,50.45041218,55.05433424,59.95050106,65.25179879,Upper middle income,29264314.0,29506790.0,29773986.0,30090372.0,30470739.0,30926036.0,31444299.0,31989265.0,32510462.0,32971846.0,6.327192402,6.139724706,5.852518211,2.382157372,3.252244772,3.953318715,2.518835442,3.96915687,2.203974749,-11.14881188
Philippines,29,36.2351,48.09902359,..,..,..,..,..,46.88,..,Lower middle income,95570049.0,97212639.0,98871558.0,100513137.0,102113206.0,103663812.0,105172921.0,106651394.0,108116622.0,109581085.0,3.858232827,6.896951711,6.750531302,6.347987483,6.348309717,7.14945675,6.930988326,6.341485571,6.118525663,-9.573029875
Poland,61.94999897,62.30999727,62.8492,66.6,67.99698716,73.3007041,75.98536595,77.54173454,80.43590724,86.83692746,High income,38063255.0,38063164.0,38040196.0,38011735.0,37986412.0,37970087.0,37974826.0,37974750.0,37965475.0,37950802.0,4.757635638,1.324896305,1.125763386,3.378581715,4.23632685,3.141725778,4.830656005,5.353703355,4.744950156,-2.540658682
Portugal,55.24999688,60.33999749,62.0956,64.59,68.63286148,70.42356709,73.79121395,74.66096815,75.34637155,78.26165705,High income,10557560.0,10514844.0,10457295.0,10401062.0,10358076.0,10325452.0,10300300.0,10283822.0,10286263.0,10305564.0,-1.696164781,-4.057293608,-0.922644675,0.792190302,1.792046046,2.019485396,3.506345285,2.849325934,2.682759921,-8.442456428
Puerto Rico,48,68.9999826,68.99999,..,63.46633538,68.6438072,68.74077314,70.85639974,77.73643937,..,High income,3678732.0,3634488.0,3593077.0,3534874.0,3473232.0,3406672.0,3325286.0,3193354.0,3193694.0,3194034.0,-0.358510628,0.02927511,-0.306826657,-1.190363454,-1.049443651,-1.263002925,-2.885954759,-4.147474747,1.484814635,-3.903305193
Qatar,69,69.3,85.3,91.49,92.88482645,95.12466217,97.38884917,99.65284913,99.65280421,99.65279354,High income,2035862.0,2196078.0,2336579.0,2459202.0,2565708.0,2654379.0,2724727.0,2781682.0,2832071.0,2881060.0,13.37517641,4.730011844,5.556040643,5.334323292,4.753345724,3.064191884,-1.497604702,1.234872202,0.68824096,-3.557603999
Romania,40.00999678,45.87999425,49.7645,54.08,55.76315563,59.50395129,63.74728218,70.68127793,73.65747575,78.45526895,Upper middle income,20147528.0,20058035.0,19983693.0,19908979.0,19815616.0,19702267.0,19588715.0,19473970.0,19371648.0,19286123.0,1.906067707,2.040665131,3.770962304,3.608723653,2.953674037,4.702997747,7.319448529,4.474523775,4.188260341,-3.930454057
Russian Federation,49,63.8,67.97,70.52,70.09924123,73.09143462,76.00813853,80.86472187,82.64216156,84.99466978,Upper middle income,142960908.0,143201721.0,143506995.0,143819667.0,144096870.0,144342397.0,144496739.0,144477859.0,144406261.0,144104080.0,4.300029186,4.024086157,1.755422149,0.736267221,-1.972719226,0.193690072,1.825790064,2.80724541,2.032982739,-2.951273899
Rwanda,7,8.023854277,9,10.6,18,20,21.76763262,25,26,..,Low income,10293333.0,10549668.0,10811538.0,11083629.0,11369066.0,11668829.0,11980960.0,12301969.0,12626938.0,12952209.0,7.958406046,8.641500169,4.719854196,6.167166701,8.856844355,5.970744298,3.976289694,8.579424541,9.460682482,-3.355472122
Samoa,11,12.92249,15.3,21.2,25.40700977,29.41173011,33.61093932,..,..,..,Lower middle income,187469.0,189089.0,190712.0,192220.0,193510.0,194540.0,195358.0,196128.0,197093.0,198410.0,4.103640825,-4.084494013,-0.342327336,0.052170614,4.296880765,8.126249353,1.042433719,-1.233162407,4.379825545,-2.5926083
San Marino,49.6,..,..,..,..,..,60.18230126,..,..,..,High income,31655.0,32103.0,32554.0,32941.0,33270.0,33503.0,33671.0,33784.0,33864.0,33938.0,-8.314773571,-7.044534413,-0.783972125,-0.7023705,2.291505561,2.344405861,0.258265466,1.544761129,2.374701565,
Sao Tome and Principe,20.1612,21.5724,23,24.41,25.82,28,29.9312292,31.9,32,..,,184521.0,188394.0,192076.0,195727.0,199439.0,203221.0,207086.0,211032.0,215048.0,219161.0,4.398202015,3.14197646,4.814792654,6.549934955,3.911337989,4.164768974,3.848980918,2.945268909,2.210855833,3.089725555
Saudi Arabia,47.5,54,60.5,64.71365737,69.6162358,74.87927469,94.17559961,93.31000185,95.7247356,97.8623325,High income,28267591.0,29154906.0,30052058.0,30916603.0,31717676.0,32443443.0,33101183.0,33702757.0,34268529.0,34813867.0,9.996846554,5.411444902,2.699254723,3.652481698,4.10640887,1.670624758,-0.741502653,2.434110781,0.331435729,-4.106583413
Senegal,9.8,10.8,13.1,17.7,21.7,25.66476804,29.64312367,35.3,39.5,..,Lower middle income,13033814.0,13401990.0,13782429.0,14174740.0,14578450.0,14993514.0,15419354.0,15854324.0,16296362.0,16743930.0,1.33409108,4.002995551,2.412385276,6.224074438,6.367043651,6.356068572,7.407486186,6.209241034,4.402406836,1.499763427
Serbia,42.2,48.1,53.45036418,62.07508046,65.3170254,67.05684137,70.33083553,73.36070915,77.41677362,78.36804864,Upper middle income,7234099.0,7199077.0,7164132.0,7130576.0,7095383.0,7058322.0,7020858.0,6982604.0,6945235.0,6908224.0,2.036276689,-0.681542369,2.892636734,-1.58951032,1.806059265,3.338586765,2.101163847,4.495121293,4.331734906,-0.944596516
Seychelles,43.16400446,47.076,50.4,51.25470199,54.25961786,56.51470815,58.76981124,70.1,75,79,High income,87441.0,88303.0,89949.0,91359.0,93419.0,94677.0,95843.0,96762.0,97625.0,98462.0,7.887279597,1.260828834,6.018076825,4.504785244,4.937385619,4.562623278,4.738360886,1.771183467,1.191005738,-10.77092148
Sierra Leone,0.9,2.5,4,6.057298984,6.344421603,11.77318438,13.23693043,15.8,16.8,..,Low income,6563238.0,6712586.0,6863975.0,7017153.0,7171909.0,7328846.0,7488427.0,7650149.0,7813207.0,7976985.0,6.315045036,15.18176908,20.71576829,4.556772366,-20.59877072,6.055474029,4.192610074,3.46460214,5.254241203,-1.96894782
Singapore,71,72,80.90205685,79.02923586,79.012957,84.45226789,84.45226789,88.16563603,88.94925269,75.87596245,High income,5183688.0,5312437.0,5399162.0,5469724.0,5535002.0,5607283.0,5612253.0,5638676.0,5703569.0,5685807.0,6.337870814,4.461608951,4.837298646,3.938002729,2.988520676,3.329034458,4.520379476,3.497469601,1.345217486,-5.391021406
Sint Maarten (Dutch part),..,..,..,..,..,..,..,..,..,..,High income,33435.0,34640.0,36607.0,37685.0,38825.0,39969.0,40574.0,40654.0,40733.0,40812.0,4.600002996,1.39054667,1.306727883,1.580384638,0.4,0.5,-5.8,-6.6,,
Slovak Republic,74.43999717,76.70999012,77.8826,79.98,77.63468203,80.47585728,81.62566752,80.44892248,82.8536605,89.92090413,High income,5398384.0,5407579.0,5413393.0,5418649.0,5423801.0,5430798.0,5439232.0,5446771.0,5454147.0,5458827.0,2.637398428,1.358226806,0.654765294,2.724373817,5.215649803,1.931680804,2.980187073,3.794410553,2.605369328,-4.358753808
Slovenia,67.33999481,68.34997453,72.6756,71.59,73.09865997,75.49850426,78.88542636,79.7499766,83.1083578,86.60130109,High income,2052843.0,2057159.0,2059953.0,2061980.0,2063531.0,2065042.0,2066388.0,2073894.0,2088385.0,2100126.0,0.861327733,-2.639438757,-1.029282772,2.768158831,2.210081607,3.191852518,4.815380632,4.422521568,3.250531336,-4.229261389
Solomon Islands,6,6.9974,8,9,10.00046498,11.00090227,11.92422906,..,..,..,Lower middle income,541522.0,556066.0,571329.0,587079.0,603133.0,619438.0,636030.0,652856.0,669821.0,686878.0,7.2720469,1.860465116,5.331050228,1.051262599,1.415701416,5.879864636,5.343587695,3.94424955,1.204049986,-4.317260027
Somalia,1.25,1.3767,1.5,1.63,1.76,1.88,2.004048698,..,..,..,Low income,12376305.0,12715487.0,13063711.0,13423571.0,13797204.0,14185635.0,14589165.0,15008225.0,15442906.0,15893219.0,,,,7.507100039,14.89530142,8.399345781,2.592560223,7.678879802,8.081440022,2.440210973
South Africa,33.97,41,46.5,49,51.91911572,54,56.16739447,62.4,68.2,..,Upper middle income,52003759.0,52832659.0,53687125.0,54544184.0,55386369.0,56207649.0,57009751.0,57792520.0,58558267.0,59308690.0,3.168556279,2.396232385,2.485468008,1.413826452,1.321862237,0.664552308,1.157946952,1.487617373,0.113053697,-6.431974826
South Sudan,..,..,3.829969245,4.51615373,5.5,6.679728051,7.977428907,..,..,..,Low income,9830695.0,10113648.0,10355030.0,10554882.0,10715657.0,10832520.0,10910774.0,10975924.0,11062114.0,11193729.0,-4.640316736,-46.08212237,13.12973114,3.373648477,-10.79336463,,,,,
Spain,67.08999939,69.80999994,71.635,76.19,78.68963187,80.56133294,84.6022457,86.10723553,90.71866533,93.20564609,High income,46742697.0,46773055.0,46620045.0,46480882.0,46444832.0,46484062.0,46593236.0,46797754.0,47133521.0,47351567.0,-0.814373455,-2.959441302,-1.435394259,1.383907943,3.83517266,3.03130133,2.973641191,2.288785676,2.085191421,-10.82288649
Sri Lanka,..,..,..,10.5,12.1,15.1,21.3,26,29,35,Lower middle income,20398496.0,20425000.0,20585000.0,20778000.0,20970000.0,21203000.0,21444000.0,21670000.0,21803000.0,21919000.0,8.404733021,9.144572246,3.39573265,4.960700592,5.007683305,4.486634531,3.578169679,3.272000479,2.255176529,-3.569076137
St. Kitts and Nevis,63.2,64,64.6,68,75.7,76.81767491,80.71019081,..,..,..,High income,49442.0,49881.0,50328.0,50776.0,51204.0,51629.0,52036.0,52438.0,52834.0,53192.0,1.828435302,-2.228012307,5.383690734,6.284804235,1.033704225,13.39486131,0.899999116,2.699999466,4.799999522,-14.39999655
St. Lucia,34,34.82,36,39.7,42.53093047,46.72907806,50.81524478,..,..,..,Upper middle income,175538.0,176654.0,177505.0,178307.0,179131.0,180028.0,180955.0,181890.0,182795.0,183629.0,5.483411333,-0.19985174,-3.174377604,1.758665901,-1.360484662,3.646315171,3.501752646,2.926420885,-0.063943687,-20.37364179
St. Martin (French part),..,..,..,..,..,..,..,..,..,..,High income,37451.0,37012.0,36458.0,36018.0,35865.0,36061.0,36569.0,37264.0,38002.0,38659.0,,,,,,,,,,
St. Vincent and the Grenadines,36.7,40,43.5,47.4,51.77,55.57,65.56,..,..,..,Upper middle income,108315.0,108435.0,108624.0,108868.0,109135.0,109467.0,109826.0,110210.0,110593.0,110947.0,-0.421116875,1.379014464,1.837857445,1.211041852,1.33145639,1.898587636,0.999772779,2.159730034,0.534023343,-3.252833908
Sudan,17.46,..,..,..,..,14.09999994,..,..,25.4,..,Low income,35349676.0,36193781.0,37072555.0,37977657.0,38902948.0,39847433.0,40813398.0,41801532.0,42813237.0,43849269.0,-3.213532093,-17.0046884,1.955144633,4.661379542,1.910176891,3.467642184,0.709256285,-2.68093055,-2.178251045,-3.629805626
Suriname,32,34.6812,37.4,40.08,42.76382778,45.4,48.94517397,..,..,..,Upper middle income,535177.0,541247.0,547295.0,553278.0,559136.0,564883.0,570501.0,575987.0,581363.0,586634.0,5.849367672,2.690349747,2.933441652,0.255503032,-3.411096013,-4.915786469,1.567191065,4.948270766,1.098467778,-15.90795119
Sweden,92.76998606,93.17998801,94.7836,92.52,90.61019664,89.65094761,93.00626697,89.24696316,94.49344341,94.53943122,High income,9449213.0,9519374.0,9600379.0,9696110.0,9799186.0,9923085.0,10057698.0,10175214.0,10278887.0,10353442.0,3.195333235,-0.588304569,1.187775716,2.657798275,4.489281588,2.070593151,2.567924525,1.950022846,1.986195874,-2.948127879
Switzerland,85.19302818,85.2,86.34,87.4,87.4790556,89.13468774,89.68614767,91.8,93.14608695,..,High income,7912398.0,7996861.0,8089346.0,8188649.0,8282396.0,8373338.0,8451840.0,8514329.0,8575280.0,8636896.0,1.920445985,1.217193657,1.821667791,2.446845157,1.657768711,2.045186469,1.584819616,2.916905098,1.210992207,-2.392826042
Syrian Arab Republic,22.5,24.3001,26.2,28.09,29.97979724,31.86962727,34.25340193,..,..,..,Low income,21081814.0,20438861.0,19578466.0,18710711.0,17997411.0,17465567.0,17095669.0,16945062.0,17070132.0,17500657.0,2.850002844,-26.33901708,-26.30008766,-10.31033991,-3.187281297,-5.63043805,-0.727486724,1.475766476,3.747775387,
Tajikistan,13.03,14.51,16,17.49,18.98,20.47,21.96,..,..,..,Lower middle income,7697507.0,7874838.0,8059782.0,8252828.0,8454019.0,8663575.0,8880270.0,9100847.0,9321023.0,9537642.0,7.4000006,7.499999463,7.399999747,6.70000069,5.999999264,6.89999962,7.100001403,7.599999387,7.399999638,4.499999517
Tanzania,3.2,3.95,4.4,7,10,13.50423285,15.99999943,19,20,..,Lower middle income,45673520.0,47053033.0,48483132.0,49960563.0,51482638.0,53049231.0,54660345.0,56313444.0,58005461.0,59734213.0,7.672155435,4.50015356,6.781585601,6.732461868,6.160628774,6.867116196,6.785680114,5.444967601,5.799999977,1.996343506
Thailand,23.66992562,26.46,28.94,34.89,39.31612674,47.50496562,52.89192934,56.81748093,66.65241946,77.8437476,Upper middle income,67518379.0,67835969.0,68144519.0,68438748.0,68714519.0,68971313.0,69209817.0,69428454.0,69625581.0,69799978.0,0.840132083,7.242796202,2.687495563,0.984468864,3.134047249,3.435157717,4.177681032,4.189585496,2.266433672,-6.098983843
Timor-Leste,4,7,11,17.5,23,25.24624959,27.49273173,..,..,..,Lower middle income,1113154.0,1133002.0,1153288.0,1174333.0,1196294.0,1219289.0,1243260.0,1267975.0,1293120.0,1318442.0,5.956047328,4.853364501,3.068264529,4.512039654,2.76107911,3.385306549,-3.071099761,-0.687542477,19.53581024,10.37185524
Togo,3.5,4,4.5,5.7,7.12,11.31,12.36022497,15.5,19.3,..,Low income,6595939.0,6773807.0,6954721.0,7137997.0,7323162.0,7509952.0,7698476.0,7889095.0,8082359.0,8278737.0,6.398199053,6.543507029,6.112343077,5.920588573,5.742868453,5.559079305,4.347748238,4.9762131,5.459921448,1.752824967
Tonga,25,30,32.75396061,35.95444145,38.65127243,39.95,41.24872764,..,..,..,Upper middle income,103558.0,102736.0,101768.0,101023.0,100780.0,101143.0,102002.0,103199.0,104497.0,105697.0,6.818276144,0.823102718,0.312307909,2.01870046,1.171888256,6.571000501,3.322432544,0.300009404,0.734030017,0.654698596
Trinidad and Tobago,55.2,59.5162,63.8,65.1,69.19847061,73.29694122,77.32605293,..,..,..,High income,1336180.0,1344814.0,1353708.0,1362337.0,1370332.0,1377563.0,1384060.0,1389841.0,1394969.0,1399491.0,-0.294354409,1.269964365,2.229074805,-0.912544969,1.483781034,-5.601818139,-2.987340197,0.066049775,-1.246427336,-7.853939948
Tunisia,39.1,41.4416,43.8,46.16,46.49999434,49.59999484,55.50015506,64.19081023,66.6999983,..,Lower middle income,10741872.0,10846993.0,10952949.0,11063195.0,11179951.0,11303942.0,11433438.0,11565203.0,11694721.0,11818618.0,-1.664189085,3.913275869,2.14306442,2.706608566,1.000180784,1.117425857,2.244200968,2.510907072,1.401976676,-9.182372594
Turkey,43.06571043,45.13,46.25,51.04,53.74497914,58.34773401,64.68461768,71.04276084,73.97670281,77.66956038,Upper middle income,73443254.0,74651046.0,75925454.0,77229262.0,78529413.0,79827868.0,81116451.0,82340090.0,83429607.0,84339067.0,11.20011058,4.788492711,8.485816997,4.939715161,6.084486904,3.323084208,7.501997489,2.979885235,0.889585161,1.793551396
Turkmenistan,5,7.1958,9.6,12.2,14.99677482,17.99032446,21.25099741,..,..,..,Upper middle income,5174076.0,5267906.0,5366376.0,5466324.0,5565283.0,5662371.0,5757667.0,5850902.0,5942094.0,6031187.0,14.69999993,11.09999996,10.2000001,10.29999997,6.49999991,6.199999966,6.500000047,6.199999941,6.3,
Turks and Caicos Islands,..,..,..,..,..,..,..,..,..,..,High income,33371.0,34067.0,34733.0,35371.0,35979.0,36558.0,37116.0,37667.0,38194.0,38718.0,,-0.972299355,1.070880496,8.711295808,11.31482939,7.251186276,-2.490222604,5.610954617,5.324557297,-26.7828754
Tuvalu,30,35,37,39.2,42.7,46.00915151,49.31833862,..,..,..,Upper middle income,10626.0,10744.0,10849.0,10973.0,11099.0,11232.0,11365.0,11505.0,11655.0,11792.0,7.515954206,-3.835748821,4.576823704,1.348012682,9.142893933,3.034723153,4.094017717,2.5,9.756097561,4.4
Uganda,..,..,..,..,..,..,..,..,..,..,Low income,33476772.0,34558700.0,35694519.0,36911530.0,38225447.0,39649173.0,41166588.0,42729032.0,44269587.0,45741000.0,9.391655493,3.837455606,3.586905826,5.106307324,5.187859863,4.781000291,3.131405518,6.303923781,6.438745034,2.951306422
Ukraine,28.70826284,35.27,40.954129,46.23597546,48.88464368,53.0009696,58.88947945,62.55315539,70.1248443,..,Lower middle income,45706086.0,45593342.0,45489648.0,45272155.0,45154036.0,45004673.0,44831135.0,44622518.0,44386203.0,44134693.0,5.445280813,0.152314965,0.045439094,-10.07889498,-9.772987211,2.440981945,2.359972281,3.488362342,3.199503862,-4.000006101
United Arab Emirates,78,84.9999915,88,90.4,90.5,90.60000732,94.81992254,98.45000178,99.14999998,100,High income,8946778.0,9141598.0,9197908.0,9214182.0,9262896.0,9360975.0,9487206.0,9630966.0,9770526.0,9890400.0,6.928508599,4.483791985,5.053077855,4.41008526,5.060334864,2.984216091,2.373551057,1.189855642,3.411538686,-6.134500803
United Kingdom,85.37999855,87.47999842,89.8441,91.61,92.00029987,94.77580063,90.42455049,90.69200899,92.51662855,94.81820132,High income,63258810.0,63700215.0,64128273.0,64602298.0,65116219.0,65611593.0,66058859.0,66460344.0,66836327.0,67215293.0,1.457563391,1.469887521,1.890018342,2.991164814,2.622596679,2.263463538,2.134453093,1.650925496,1.671944197,-9.396160006
United States,69.72946076,74.7,71.4,73,74.55420245,85.54442129,87.27488917,88.49890317,89.43028486,..,High income,311583481.0,313877662.0,316059947.0,318386329.0,320738994.0,323071755.0,325122128.0,326838199.0,328329953.0,329484123.0,1.550835505,2.249545852,1.842081071,2.525973446,3.07551465,1.711426774,2.332679395,2.996464352,2.161176515,-3.404591573
Uruguay,51.40466106,54.45376868,57.69,61.46,64.5707871,66.4,70.3223544,80.72684288,83.35153377,..,High income,3368926.0,3378975.0,3389436.0,3400439.0,3412013.0,3424139.0,3436645.0,3449290.0,3461731.0,3473727.0,5.162133029,3.538178707,4.637538641,3.238791217,0.370741265,1.689798164,1.627753973,0.477907184,0.350447153,-5.858721243
Uzbekistan,18.6,23.6,26.8,35.5,42.8,46.79128694,48.69999885,55.20000067,70.4000024,..,Lower middle income,29339400.0,29774500.0,30243200.0,30757700.0,31298900.0,31847900.0,32388600.0,32956100.0,33580350.0,34232050.0,7.525139894,7.102444887,7.29655037,6.873838441,7.218773508,5.9321508,4.395274633,5.354996888,5.709632222,1.714770576
Vanuatu,9.2,10.598,11.3,18.8,22.35140458,24,25.71978784,..,..,..,Lower middle income,242658.0,249505.0,256637.0,263888.0,271128.0,278326.0,285499.0,292675.0,299882.0,307150.0,3.137874086,1.010029914,0.468608459,3.12624625,0.371578452,4.688677823,6.315604199,2.900230273,3.912534737,-6.813991132
"Venezuela, RB",40.22,49.05008307,54.9,57,..,..,..,..,..,..,,28887873.0,29360827.0,29781046.0,30042973.0,30081827.0,29851249.0,29402480.0,28887117.0,28515829.0,28435943.0,4.176425359,5.625956975,1.343094036,-3.894386475,,,,,,
Vietnam,35.07,36.8,38.5,41,45,53,58.14,69.84792868,68.66158021,70.2900004,Lower middle income,88871384.0,89801926.0,90752593.0,91713850.0,92677082.0,93640435.0,94600643.0,95545959.0,96462108.0,97338583.0,6.240302749,5.247367156,5.421882991,5.983654637,6.679288789,6.210811668,6.81224566,7.075788617,7.017434882,2.905835584
Virgin Islands (U.S.),35.6,40.5479,45.3,50.07,54.8391373,59.6083158,64.3774943,..,..,..,High income,108290.0,108188.0,108041.0,107882.0,107712.0,107516.0,107281.0,107001.0,106669.0,106290.0,-8.204245554,-14.8125,-6.285155295,-1.774530271,-0.425079702,1.600853789,-0.735294118,1.587301587,2.213541667,
West Bank and Gaza,41.08,43.4,46.6,53.67,56.7,59.9,63.3,64.39999371,70.6225837,..,Lower middle income,3882986.0,3979998.0,4076708.0,4173398.0,4270092.0,4367088.0,4454805.0,4569087.0,4685306.0,4803269.0,9.600808489,6.096456563,4.698569866,-0.157866651,3.721299671,8.86461882,1.419367563,1.227077378,1.362687466,-11.45745151
"Yemen, Rep.",14.905,17.4465,20,22.55,24.08540947,24.57920836,26.71835477,..,..,..,Low income,23807586.0,24473176.0,25147112.0,25823488.0,26497881.0,27168210.0,27834811.0,28498683.0,29161922.0,29825968.0,-12.71482302,2.392885682,4.823414981,-0.188573712,-27.99454625,-9.375123818,-5.071795639,0.75244741,,
Zambia,11.5,..,..,..,..,..,..,14.2999971,19,..,Lower middle income,14023199.0,14465148.0,14926551.0,15399793.0,15879370.0,16363449.0,16853608.0,17351714.0,17861034.0,18383956.0,5.564602337,7.597593211,5.05723174,4.697992363,2.920375112,3.776679146,3.504336096,4.034493897,1.441306026,-2.785055065
Zimbabwe,8.4,12,15.5,16.36473996,22.7428181,23.11998904,24.4,25,25.1,..,Lower middle income,12894323.0,13115149.0,13350378.0,13586710.0,13814642.0,14030338.0,14236599.0,14438812.0,14645473.0,14862927.0,14.19391296,16.66542877,1.989492762,2.376929327,1.779872703,0.755869251,4.709492179,4.82421054,-6.144236314,-6.248748224
Africa Eastern and Southern,7.90411431779041,8.9406339306812,10.5521584175048,13.0520098193969,15.9902769429344,17.1655870410284,20.3321189737088,23.6573660487722,26.4482838127365,..,,532760424.0,547482863.0,562601578.0,578075373.0,593871847.0,609978946.0,626392880.0,643090131.0,660046272.0,677243299.0,4.014183315,1.972651702,4.308369816,3.986754398,2.925590802,2.019390628,2.542297932,2.475271736,2.077897855,-2.939185581
Africa Western and Central,8.66331049088811,10.3355545850363,12.9012066177817,15.470625417449,19.4218503630998,21.3694140782799,24.6762465620052,29.7416789784377,32.4181914215029,..,,360285439.0,370243017.0,380437896.0,390882979.0,401586651.0,412551299.0,423769930.0,435229381.0,446911598.0,458803476.0,4.848350992,5.142964261,6.104240725,5.927349884,2.745936626,0.127594843,2.318041529,2.952230313,3.190336469,-0.884980919
Arab World,26.7538745888753,31.4031905154691,34.2468815613596,37.9396715155386,41.53871012335,42.914231036638,52.0416280063478,..,62.9672084149395,..,,363156846.0,371437642.0,379696477.0,387899835.0,396028301.0,404042892.0,411942825.0,419851989.0,427870273.0,436080728.0,3.80677751,5.041889676,2.965049447,2.557936971,3.00227567,3.200033666,0.929186997,2.397753222,2.050387512,-5.281844288
Caribbean small states,42.1412538804617,42.4939916495827,45.2698401409788,48.3336918473278,50.8189450417347,53.4784264723706,59.6165701474847,..,..,..,,7022367.0,7072640.0,7123315.0,7173443.0,7222197.0,7269385.0,7314956.0,7358929.0,7401389.0,7442291.0,1.13985874,1.337065916,0.623889957,0.700992472,1.069112336,-1.142029028,0.089377344,1.872186884,0.616387706,-8.161304989
Central Europe and the Baltics,59.1103467325323,61.7163415104824,63.463990446104,66.483392613176,67.3511702922402,71.3419807922689,73.4095673098879,75.9821372719383,78.729487081111,83.1302334250959,,104174038.0,103935318.0,103713726.0,103496179.0,103257886.0,102994278.0,102740078.0,102538451.0,102398537.0,102253057.0,3.064441114,0.762954726,1.239268901,2.983482985,3.947612566,3.070341259,4.878583294,4.491186349,4.072158857,-3.813940033
Early-demographic dividend,15.3635534661277,17.3333244738837,19.6064717782132,20.84650190749,23.6925965479687,26.1048411747377,29.1176622269213,31.5627785811707,44.2891189574936,..,,2951423688.0,2994346938.0,3037084158.0,3079685581.0,3122156833.0,3164439749.0,3206485623.0,3248413593.0,3290291029.0,3332105361.0,5.030356158,3.965045727,4.326311198,4.223060869,4.466329474,4.677949164,4.560163061,3.669162677,2.29739484,-4.505560993
East Asia & Pacific,37.4023237117011,40.743754029271,44.1177799209288,46.7110317171977,50.385173064137,53.7689940652456,54.6794255674623,60.8314329240341,65.0173244029834,69.909503552574,,2222577723.0,2240312711.0,2257904491.0,2275075985.0,2291503725.0,2307625738.0,2323932848.0,2338223462.0,2350703749.0,2360855079.0,5.472673515,5.180109131,5.243440104,4.75141959,4.709802047,4.658616904,5.048255066,4.730265273,4.064048758,-0.133318687
East Asia & Pacific (excluding high income),32.4043507882818,36.0824061806959,39.2259879244846,41.6698586916421,45.471759731372,49.0188192436337,50.5132965806594,57.3356541833859,62.0417790899069,68.8636848780616,,1980940204.0,1997884913.0,2014779318.0,2031185907.0,2046830024.0,2062232304.0,2077970870.0,2091680327.0,2103705075.0,2113820753.0,8.655636779,7.578338645,7.300026842,6.980089097,6.683383037,6.578776494,6.702441306,6.515506328,5.775749149,1.37857513
East Asia & Pacific (IDA & IBRD countries),32.806699904442,36.529159469127,39.7104637444294,41.6698586916421,45.471759731372,49.0188192436337,50.5133602280074,57.3356541833859,62.0417790899069,68.8636848780616,,1956238874.0,1973056377.0,1989821912.0,2006100237.0,2021618425.0,2036897092.0,2052513823.0,2066103849.0,2078012370.0,2088015667.0,8.656235032,7.57902252,7.30047988,6.980473514,6.683566428,6.579035014,6.702805215,6.515541853,5.775833997,1.378306114
Euro area,72.0135129793658,74.118926824524,75.8504085743528,77.0892366119681,77.4716869638744,77.9684265346935,79.6401081430677,82.9839601463678,84.8261198477329,..,,335419656.0,336159199.0,337302111.0,338462234.0,339488382.0,340481755.0,341217243.0,341979171.0,342282081.0,342949773.0,1.718486882,-0.842677028,-0.220300555,1.401645976,2.062525765,1.864543389,2.613704509,1.832626591,1.564929992,-6.394221053
Europe & Central Asia,58.8192987220726,63.6016707652146,66.3177605657812,68.981907123306,70.0167690475646,72.4118969986926,74.5288166597268,79.1767001396866,82.0452596605969,86.2898965228575,,890136603.0,893755804.0,898022522.0,902367876.0,906669764.0,910870489.0,914608312.0,918031055.0,920806339.0,923452178.0,2.362342976,0.352543291,0.896812748,1.884243857,2.11822221,1.969857214,2.818593992,2.172781601,1.803888188,-5.580397754
Europe & Central Asia (excluding high income),40.5235730458696,48.7919989163632,52.7475260461421,56.8351830914813,58.7051368495626,62.4356268327276,66.2178135310452,73.062121988097,77.0549562814159,81.6822582637348,,400286509.0,402534958.0,405034557.0,407530837.0,410073645.0,412538477.0,414846200.0,416880073.0,418757748.0,420211696.0,6.028365877,3.865919276,4.031117099,2.13648975,1.020561603,1.755445573,4.127844222,3.227980625,2.314428807,-1.543960022
Europe & Central Asia (IDA & IBRD countries),42.5434865872264,50.0797251837617,53.7427537256889,57.7782327856457,59.5946172530296,63.4427161420041,67.037188718603,73.476866420686,77.3697599174365,82.2056537322286,,442630386.0,444865680.0,447330442.0,449780961.0,452263661.0,454682913.0,456945557.0,458942666.0,460788476.0,462209698.0,5.758227585,3.434013675,3.589501541,2.259160773,1.453474644,1.962641173,4.211475574,3.508360617,2.662220002,-1.776853311
European Union,69.661777891422,71.8574513072492,73.610369251994,75.1855045094835,75.6544158261607,76.8971749615496,78.6838126546675,81.7383731410436,83.8442131392699,87.8660352532148,,440746989.0,441395937.0,442469469.0,443576675.0,444543761.0,445487730.0,446186344.0,446915113.0,447196538.0,447801418.0,1.857814779,-0.70668484,-0.031930388,1.57572888,2.310796988,2.008319143,2.813667733,2.065582359,1.816940715,-5.955627684
Fragile and conflict affected situations,9.56190417242613,11.128480590667,13.3221259866574,15.3665824998458,16.5611211404503,19.0128854651629,22.7750502055126,..,26.6206247064447,..,,753858934.0,772742559.0,791943328.0,811249811.0,830536041.0,849739853.0,868954263.0,888488369.0,908739462.0,929989551.0,0.33326272,5.130299882,4.652496604,3.683840298,1.604133763,2.186045989,1.918631794,2.74408837,3.054483251,-4.737796181
Heavily indebted poor countries (HIPC),4.92794957818621,5.03629083604707,6.32393419318606,8.37021296843562,11.6818203535715,13.9572304382094,17.7412175565569,20.9970267242043,24.0014542158897,..,,641921373.0,660193919.0,679013004.0,698336663.0,718128408.0,738387077.0,759106118.0,780234453.0,801708019.0,823480038.0,4.445386533,3.937370024,5.738899668,5.813682424,4.78292099,4.423451767,5.004218502,4.345091512,4.418947623,0.381128608
High income,72.7993029413993,75.5015504692892,76.8593531810077,78.5163427069525,79.9142433004888,84.2632905429597,85.8539612306977,87.5195071000265,89.0956961947073,..,,1159642350.0,1166465944.0,1173351852.0,1180423771.0,1187317397.0,1194191812.0,1200273639.0,1205941621.0,1210795776.0,1214930230.0,1.938987644,1.381389135,1.505750781,2.155260329,2.50202264,1.82709096,2.377837435,2.351877378,1.763695621,-4.487604662
IBRD only,28.370250385321,31.7405772373343,34.443509196731,36.4151772646345,39.1451133411723,42.1858381902867,45.0108173233636,48.3970233924649,57.8990344961637,..,,4471931983.0,4518944265.0,4566062769.0,4612371789.0,4657516187.0,4701907494.0,4746018766.0,4787343661.0,4826259460.0,4862388283.0,6.4280954,5.352946128,5.356890674,4.807564126,4.432076341,4.66947383,5.206204101,4.850668055,3.979380403,-1.501036995
IDA & IBRD total,23.4570165360397,26.367232329358,28.7651294741741,30.6313225355803,33.4263289808022,36.1165644928706,38.9405381887293,42.5804866924346,50.6129147499047,..,,5868805803.0,5947406419.0,6026674017.0,6105863361.0,6184735051.0,6263736146.0,6343292514.0,6420905201.0,6496952025.0,6570991956.0,6.249939585,5.194518572,5.354315206,4.862651338,4.349607436,4.557698931,5.12409418,4.822949872,3.979622132,-1.402399848
IDA blend,10.5930665848468,12.1647406551241,14.2543082134165,16.5319939719829,18.9299514533737,20.2937030825544,22.0973583629288,25.2570791505581,27.9811433664472,..,,467267685.0,478335316.0,489624577.0,501146189.0,512877239.0,524794580.0,536871945.0,549127807.0,561571929.0,574159138.0,4.691882184,4.575157275,5.535181644,5.845192596,3.817796299,1.685486017,2.854073248,3.637637718,2.338671221,-1.320759928
IDA only,5.32896778279552,5.82075801105153,7.33656863323731,9.30836305167288,11.924557251036,14.1377036519685,17.7022260623398,19.3195394213207,22.2207784958832,..,,929606135.0,950126838.0,970986671.0,992345383.0,1014341625.0,1037034072.0,1060401803.0,1084433733.0,1109120636.0,1134444535.0,3.514215011,1.928595895,5.109549274,5.271776796,2.818221758,4.610322123,5.258808501,5.252169389,5.530195817,1.009544864
IDA total,7.14767876021499,8.09908906518603,9.80588973306408,11.8904667470103,14.5306992050628,16.4187503102715,19.3500255048258,21.8234401794574,24.6190517394681,..,,1396873820.0,1428462154.0,1460611248.0,1493491572.0,1527218864.0,1561828652.0,1597273748.0,1633561540.0,1670692565.0,1708603673.0,4.090441663,3.231027421,5.321739734,5.5572258,3.317171994,3.143279009,4.069685864,4.4631218,3.982771814,-0.11019519
Late-demographic dividend,40.2776083107489,44.9453555519882,48.0662764669416,50.7584850948146,53.3706300429036,56.7216400523889,59.0603246964927,63.5764794122696,68.1086029426029,73.149265780072,,2194720542.0,2210411890.0,2226143139.0,2241445370.0,2256036257.0,2270527108.0,2285348589.0,2297874675.0,2308520883.0,2316679176.0,7.161550099,5.850515682,5.664515941,5.193170135,4.67209158,4.444204888,5.295685621,5.394096535,4.70913464,0.142014398
Latin America & Caribbean,39.3384906810595,43.162893355839,46.2373336353434,48.6070157052375,54.1813507640632,57.229171435495,62.7225878683445,65.6678620766936,68.2969025947288,..,,596538052.0,603094656.0,609595811.0,615999056.0,622301041.0,628493594.0,634566052.0,640483586.0,646430786.0,652276325.0,4.445196336,2.506149407,2.875807928,1.3654768,0.544536345,-0.152699274,1.87589604,1.625375788,0.797500501,-6.722427286
Latin America & Caribbean (excluding high income),38.6655409092662,42.1462814911939,45.0964467806643,47.5937502034363,53.2726649510539,56.1886001515667,61.9229697101711,65.528887901154,68.1394019485693,..,,540699864.0,546631449.0,552552130.0,558534202.0,564618410.0,570838477.0,577151682.0,583432088.0,589503742.0,595242966.0,4.548640634,2.45119229,2.91130165,1.395360326,0.475019488,-0.232559819,2.053169951,1.65484389,0.78715465,-6.78442876
Latin America & the Caribbean (IDA & IBRD countries),39.6999637732344,43.3896547165045,46.4145808621535,48.9358794727872,54.4231555789017,57.4045504239049,62.7643428383838,65.7056588505561,68.2488011374195,..,,580428448.0,586999600.0,593506947.0,599935349.0,606271936.0,612511541.0,618653508.0,624698076.0,630644771.0,636492840.0,4.628887682,2.581023944,2.983071866,1.428795065,0.501629068,-0.151234155,1.984439359,1.729455104,0.800405257,-6.658719393
Least developed countries: UN classification,4.41719533971595,4.79304041308878,6.13625215336715,8.26503896600709,10.4636335763475,12.4825409946395,15.7461400551312,18.3578302869948,21.0569915156072,..,,856471437.0,876867234.0,897793439.0,919222955.0,941131317.0,963519718.0,986385402.0,1009691252.0,1033388868.0,1057438163.0,3.323339053,3.22310705,5.716526724,5.582803932,2.43565849,3.830085498,4.47427809,4.515572956,5.022681493,0.685682026
Low & middle income,22.8804516499725,25.7678291374731,28.161625290323,30.1297888596783,33.0421766296956,35.7129822751951,38.5790951230054,42.3604661524803,50.4333329598607,..,,5815230217.0,5893427777.0,5972367480.0,6051379799.0,6130279781.0,6209526269.0,6289507340.0,6367625423.0,6444060654.0,6518253973.0,6.29597654,5.287416771,5.45466555,4.923177331,4.385112303,4.61461561,5.168628802,4.828861035,3.989481259,-1.352160949
Low income,4.73706142306498,4.60208312688528,5.45131577600604,7.2029698861812,9.5117292282929,11.3628722004763,14.144593958429,..,..,..,,527467149.0,541205688.0,555116804.0,569367413.0,584084928.0,599290280.0,614965124.0,631147232.0,647870823.0,665149035.0,0.760390097,-3.256562196,3.405625766,4.349248344,-0.493910527,2.219230176,3.132787385,3.543556322,4.416360912,0.621414106
Lower middle income,12.7027677123105,14.5060618474925,16.6274086522125,17.7347824051316,20.4395276620808,22.8078372257094,25.714242910376,29.0704979755137,41.1555967207546,..,,2923659939.0,2968243908.0,3013187396.0,3058248975.0,3103569257.0,3149022555.0,3194517542.0,3240031866.0,3285416867.0,3330652547.0,4.798997242,4.241466655,5.098272262,5.529998852,5.035454272,5.936798517,5.179460909,4.610893635,3.564290579,-3.415832133
Middle East & North Africa,28.0057763097589,31.8036136016366,35.5156245565918,40.4135477562336,44.5470299196378,49.8256000196317,56.8563524722971,64.3361082408948,71.7590649863398,..,,393942668.0,401968363.0,409968633.0,417924350.0,425821771.0,433616042.0,441298977.0,448974232.0,456709496.0,464554123.0,3.941817578,3.462221391,2.744320505,2.939108348,2.39252278,4.584012413,1.659198446,1.475677069,1.16101939,-3.987742524
Middle East & North Africa (excluding high income),23.1344719050593,26.4073602881194,29.9352282897606,34.9603359598637,39.2227468909286,44.7749078123452,50.8747217496777,57.5553269097455,66.2310938382717,..,,338813060.0,344998428.0,351290405.0,357629838.0,363975556.0,370294017.0,376588457.0,382955167.0,389457075.0,396147843.0,-0.492476867,1.859554454,1.448288949,1.987301215,0.659839069,6.714220549,2.816720599,0.599138759,0.556792432,-3.487914766
Middle East & North Africa (IDA & IBRD countries),22.912134025388,26.1920376518815,29.7272377141589,34.7259128697298,39.0026852299376,44.5832993604414,50.7162152239865,57.4325047461997,66.1516882265722,..,,334930074.0,341018430.0,347213697.0,353456440.0,359705464.0,365926929.0,372133652.0,378386080.0,384771769.0,391344574.0,-0.578539739,1.819728579,1.41645381,2.008958,0.629588265,6.692319274,2.831242058,0.592702744,0.548480373,-3.404155854
Middle income,24.5379800287742,27.5918021725381,30.1860309422008,32.1257768004873,35.1338888135441,37.9382491592899,40.5182683218698,44.2091751970109,52.7114935747376,..,,5287763068.0,5352222089.0,5417250676.0,5482012386.0,5546194853.0,5610235989.0,5674542216.0,5736478191.0,5796189831.0,5853104938.0,6.399060448,5.438091166,5.487820903,4.932382866,4.4629345,4.651009919,5.198841618,4.84756093,3.983347831,-1.379661305
North America,71.0569584322978,75.5335297673991,72.8493027183661,74.4252310539038,76.1172938341097,86.1149971071056,87.8276294994968,89.1241000784054,90.151984156435,..,,345987373.0,348656682.0,351207902.0,353888902.0,356507139.0,359245796.0,361731296.0,363967296.0,365987250.0,367553264.0,1.674583897,2.207472889,1.880125793,2.551254841,2.880595844,1.654818141,2.388332081,2.978078505,2.138541211,-3.548586605
Not classified,..,..,..,..,..,..,..,..,..,..,,,,,,,,,,,,,,,,,,,,,
OECD members,67.5430211450187,70.1866781240206,71.5363283813032,73.1422422398658,75.6975847894771,79.8399601392512,81.4642519220525,83.2456203125267,85.0806864918681,..,,1298723126.0,1306807834.0,1315224394.0,1324034852.0,1332787383.0,1341701902.0,1350048436.0,1358019416.0,1364841892.0,1370858752.0,1.894266002,1.370908197,1.531700824,2.168042283,2.591315825,1.851697927,2.5089281,2.373009707,1.741390627,-4.469142563
Other small states,28.1244089677174,31.481506798749,36.4455158846368,40.3023153407543,48.0287972169599,50.454923213018,54.6199083883551,62.262723796393,64.8896677908527,..,,26647965.0,27227313.0,27794594.0,28364446.0,28948893.0,29542903.0,30148954.0,30760469.0,31361259.0,31941374.0,7.53013143,3.573596557,3.713890602,3.789191724,3.087233632,2.985016112,1.237858633,2.209113589,2.096898089,-5.107580294
Pacific island small states,17.5998979346836,20.6144847107137,21.861886073389,24.5133142106206,27.6383027360735,30.2360645065719,32.727667615211,..,..,..,,2241808.0,2268553.0,2295450.0,2323558.0,2353578.0,2385744.0,2419767.0,2455336.0,2491878.0,2528958.0,3.837855832,0.76017095,3.299725915,3.64043288,3.665581888,3.729491329,4.348110547,2.917547276,0.911326114,-9.895311721
Post-demographic dividend,71.4527127899553,74.2481614613766,75.7460868233501,77.4032074997977,78.7026033718159,83.1870954208654,84.4082058504169,86.1566038907562,87.9140988201519,..,,1077830451.0,1082356457.0,1087107539.0,1092062242.0,1096949064.0,1101834188.0,1105944222.0,1109750489.0,1112709542.0,1115104266.0,1.684852059,1.238211295,1.404177937,1.998171087,2.302442181,1.770852815,2.381474518,2.280491612,1.7002241,-4.679619243
Pre-demographic dividend,6.82923734072374,7.50454184755424,9.1510605912106,11.6123522815619,14.4375951098884,17.0405612226225,20.6215075561664,22.8556661361461,25.1718867228588,..,,753326898.0,775573262.0,798496024.0,821931559.0,845759372.0,869943573.0,894512378.0,919485090.0,944902748.0,970795671.0,4.265227378,4.316540167,5.886928352,5.081244048,3.194860006,2.299667203,1.566307674,2.532169677,3.293799931,-3.071148477
Small states,30.2291155584475,32.9582273907858,37.2532684170572,40.8721190701955,47.2549366518676,49.7506573816485,54.1649484523786,62.8983740438453,..,..,,35912140.0,36568506.0,37213359.0,37861447.0,38524668.0,39198032.0,39883677.0,40574734.0,41254526.0,41912623.0,6.264775049,3.12063054,3.168004672,3.264722359,2.766307639,2.331413226,1.121036834,2.171712198,1.843361974,-5.674915062
South Asia,9.22882068403615,10.1120017948116,11.3169948575733,12.4433249699828,13.7638441940671,15.4083419251837,17.0583983541107,18.7849084414711,35.3306771062809,..,,1661532158.0,1683740452.0,1705761545.0,1727632022.0,1749417067.0,1771187426.0,1792883164.0,1814455018.0,1835776769.0,1856882402.0,5.099033382,5.474354435,6.015779389,6.896913085,7.368698348,7.671463596,6.604851042,6.444305921,4.041559599,-5.706189649
South Asia (IDA & IBRD),9.22882068403615,10.1120017948116,11.3169948575733,12.4433249699828,13.7638441940671,15.4083419251837,17.0583983541107,18.7849084414711,35.3306771062809,..,,1661532158.0,1683740452.0,1705761545.0,1727632022.0,1749417067.0,1771187426.0,1792883164.0,1814455018.0,1835776769.0,1856882402.0,5.099033382,5.474354435,6.015779389,6.896913085,7.368698348,7.671463596,6.604851042,6.444305921,4.041559599,-5.706189649
Sub-Saharan Africa,8.22600906903522,9.5686273387595,11.5969600149644,14.1279509667864,17.5111626636961,18.9589987808782,22.3080759233952,26.2716856853771,28.9713924941289,..,,893045863.0,917725880.0,943039474.0,968958352.0,995458498.0,1022530245.0,1050162810.0,1078319512.0,1106957870.0,1136046775.0,4.377882413,3.361145903,5.10846196,4.857097404,2.84419481,1.163092826,2.441830081,2.688693063,2.576950475,-2.012135407
Sub-Saharan Africa (excluding high income),8.22223079644764,9.56440348057083,11.5927226590127,14.1239696345136,17.5072821799788,18.9552704474794,22.3042491633179,26.2670812169652,28.9667271807756,..,,892958422.0,917637577.0,942949525.0,968866993.0,995365079.0,1022435568.0,1050066967.0,1078222750.0,1106860245.0,1135948313.0,4.37510325,3.362865156,5.10773252,4.857381588,2.842512068,1.160304232,2.439882906,2.689488452,2.578141208,-2.004712068
Sub-Saharan Africa (IDA & IBRD countries),8.22600906903522,9.5686273387595,11.5969600149644,14.1279509667864,17.5111626636961,18.9589987808782,22.3080759233952,26.2716856853771,28.9713924941289,..,,893045863.0,917725880.0,943039474.0,968958352.0,995458498.0,1022530245.0,1050162810.0,1078319512.0,1106957870.0,1136046775.0,4.377882413,3.361145903,5.10846196,4.857097404,2.84419481,1.163092826,2.441830081,2.688693063,2.576950475,-2.012135407
Upper middle income,38.8741745143545,43.5254989802691,46.7718121022925,49.3733763288051,52.5684731577299,56.0148405983903,58.7554968378212,63.2986404272796,67.834764862335,72.8880868197518,,2364103129.0,2383978181.0,2404063280.0,2423763411.0,2442625596.0,2461213434.0,2480024674.0,2496446325.0,2510772964.0,2522452391.0,6.93094704,5.827937551,5.612828813,4.74147051,4.2786624,4.234160565,5.205227428,4.925522073,4.120976557,-0.713231665
World,31.2536684561718,34.1556717948534,36.3246245356352,38.2963017906607,40.9082705319425,43.8046671075626,46.3167640279394,49.9070493257669,56.7273890506729,..,,7003760440.0,7089254548.0,7175500378.0,7261846543.0,7347679005.0,7433569330.0,7519183459.0,7602454161.0,7683372259.0,7761620146.0,3.339730737,2.673059736,2.844854419,3.117863209,3.168372976,2.825118027,3.394423427,3.269672697,2.60087777,-3.293496599
,,,,,,,,,,,,,,,,,,,,,,,,,,,,,,,
,,,,,,,,,,,,,,,,,,,,,,,,,,,,,,,
,,,,,,,,,,,,,,,,,,,,,,,,,,,,,,,
,,,,,,,,,,,,,,,,,,,,,,,,,,,,,,,
,,,,,,,,,,,,,,,,,,,,,,,,,,,,,,,
